Workbook
Name combo_4_4_data: [1]combo_4_4!$A$1:$A$13
Name combo_1_1_data: [2]combo_1_1!$A$1:$A$46
Name drop_005_003: [3]花名册隐藏下拉框!$I$1:$I$9
Name combo_14_14_data: [4]combo_14_14!$A$1:$A$277
Name combo_16_16_data: [4]combo_16_16!$A$1:$A$46
Name drop_004_013: [5]花名册隐藏下拉框!$G$1:$G$6

Sheet 4月考勤飞书发送版
A1: UserID | B1: 姓名 | C1: 月份 | D1: 区域 | E1: 部门 | F1: 转正时间 | G1: 应出勤天数 | H1: 实出勤天数 | I1: 迟到/早退时长(分钟） | J1: 缺卡次数 | K1: 旷工/天 | L1: 事假/天 | M1: 年假/天 | N1: 病假/天 | O1: 丧假/天 | P1: 婚假/天 | Q1: 产假/天 | R1: 调休/天 | S1: 加班/天 | T1: 法定节假日/天 | U1: 计薪天数 | V1: 乐捐/元 | W1: 补贴部分 | X1: 备注
W2: 全勤奖（元）
A3: 7494100833171013636 | B3: 熊文文 | C3: 4 | D3: 深圳 | E3: 财务部 | F3: 44552 | G3: =VLOOKUP($B3,INDIRECT($D3&"!$AG$1:$AY$66"),MATCH(G$1,INDIRECT($D3&"!$AG$1:$AY$1"),0),0) -> 24 | H3: =VLOOKUP($B3,INDIRECT($D3&"!$AG$1:$AY$66"),MATCH(H$1,INDIRECT($D3&"!$AG$1:$AY$1"),0),0) -> 22 | I3: =VLOOKUP($B3,INDIRECT($D3&"!$AG$1:$AY$66"),MATCH(I$1,INDIRECT($D3&"!$AG$1:$AY$1"),0),0) -> 0 | J3: =VLOOKUP($B3,INDIRECT($D3&"!$AG$1:$AY$66"),MATCH(J$1,INDIRECT($D3&"!$AG$1:$AY$1"),0),0) -> 0 | K3: =VLOOKUP($B3,INDIRECT($D3&"!$AG$1:$AY$66"),MATCH(K$1,INDIRECT($D3&"!$AG$1:$AY$1"),0),0) -> 0 | L3: =VLOOKUP($B3,INDIRECT($D3&"!$AG$1:$AY$66"),MATCH(L$1,INDIRECT($D3&"!$AG$1:$AY$1"),0),0) -> 0 | M3: =VLOOKUP($B3,INDIRECT($D3&"!$AG$1:$AY$66"),MATCH(M$1,INDIRECT($D3&"!$AG$1:$AY$1"),0),0) -> 1 | N3: =VLOOKUP($B3,INDIRECT($D3&"!$AG$1:$AY$66"),MATCH(N$1,INDIRECT($D3&"!$AG$1:$AY$1"),0),0) -> 0 | ... V3: =VLOOKUP($B3,INDIRECT($D3&"!$AG$1:$AY$66"),MATCH(V$1,INDIRECT($D3&"!$AG$1:$AY$1"),0),0) -> 0 | W3: =VLOOKUP($B3,INDIRECT($D3&"!$AG$1:$AY$66"),MATCH(W$2,INDIRECT($D3&"!$AG$1:$AY$1"),0),0) -> 200 | X3: =VLOOKUP($B3,INDIRECT($D3&"!$AG$1:$AZ$66"),MATCH(X$1,INDIRECT($D3&"!$AG$1:$AZ$1"),0),0) -> 全勤，年假 8小时(04/20 09:00-04/20 18:30)
A4: 7494458406943637507 | B4: 陈春叶 | C4: 4 | D4: 深圳 | E4: 财务部 | F4: 45727 | G4: =VLOOKUP($B4,INDIRECT($D4&"!$AG$1:$AY$66"),MATCH(G$1,INDIRECT($D4&"!$AG$1:$AY$1"),0),0) -> 24 | H4: =VLOOKUP($B4,INDIRECT($D4&"!$AG$1:$AY$66"),MATCH(H$1,INDIRECT($D4&"!$AG$1:$AY$1"),0),0) -> 22 | I4: =VLOOKUP($B4,INDIRECT($D4&"!$AG$1:$AY$66"),MATCH(I$1,INDIRECT($D4&"!$AG$1:$AY$1"),0),0) -> 0 | J4: =VLOOKUP($B4,INDIRECT($D4&"!$AG$1:$AY$66"),MATCH(J$1,INDIRECT($D4&"!$AG$1:$AY$1"),0),0) -> 0 | K4: =VLOOKUP($B4,INDIRECT($D4&"!$AG$1:$AY$66"),MATCH(K$1,INDIRECT($D4&"!$AG$1:$AY$1"),0),0) -> 0 | L4: =VLOOKUP($B4,INDIRECT($D4&"!$AG$1:$AY$66"),MATCH(L$1,INDIRECT($D4&"!$AG$1:$AY$1"),0),0) -> 0 | M4: =VLOOKUP($B4,INDIRECT($D4&"!$AG$1:$AY$66"),MATCH(M$1,INDIRECT($D4&"!$AG$1:$AY$1"),0),0) -> 1 | N4: =VLOOKUP($B4,INDIRECT($D4&"!$AG$1:$AY$66"),MATCH(N$1,INDIRECT($D4&"!$AG$1:$AY$1"),0),0) -> 0 | ... V4: =VLOOKUP($B4,INDIRECT($D4&"!$AG$1:$AY$66"),MATCH(V$1,INDIRECT($D4&"!$AG$1:$AY$1"),0),0) -> 0 | W4: =VLOOKUP($B4,INDIRECT($D4&"!$AG$1:$AY$66"),MATCH(W$2,INDIRECT($D4&"!$AG$1:$AY$1"),0),0) -> 200 | X4: =VLOOKUP($B4,INDIRECT($D4&"!$AG$1:$AY$66"),MATCH(X$1,INDIRECT($D4&"!$AG$1:$AY$1"),0),0) -> 全勤，外出 4.5小时(04/03 14:00-04/03 18:30);外出 6.5小时(04/22 12:00-04/22 18:30);年假 8小时(04/24 09:00-04/24 18:30)
A5: 7597988254654204880 | B5: 罗倩 | C5: 4 | D5: 深圳 | E5: 财务部 | F5: 46134 | G5: =VLOOKUP($B5,INDIRECT($D5&"!$AG$1:$AY$66"),MATCH(G$1,INDIRECT($D5&"!$AG$1:$AY$1"),0),0) -> 24 | H5: =VLOOKUP($B5,INDIRECT($D5&"!$AG$1:$AY$66"),MATCH(H$1,INDIRECT($D5&"!$AG$1:$AY$1"),0),0) -> 23 | I5: =VLOOKUP($B5,INDIRECT($D5&"!$AG$1:$AY$66"),MATCH(I$1,INDIRECT($D5&"!$AG$1:$AY$1"),0),0) -> 0 | J5: =VLOOKUP($B5,INDIRECT($D5&"!$AG$1:$AY$66"),MATCH(J$1,INDIRECT($D5&"!$AG$1:$AY$1"),0),0) -> 0 | K5: =VLOOKUP($B5,INDIRECT($D5&"!$AG$1:$AY$66"),MATCH(K$1,INDIRECT($D5&"!$AG$1:$AY$1"),0),0) -> 0 | L5: =VLOOKUP($B5,INDIRECT($D5&"!$AG$1:$AY$66"),MATCH(L$1,INDIRECT($D5&"!$AG$1:$AY$1"),0),0) -> 0 | M5: =VLOOKUP($B5,INDIRECT($D5&"!$AG$1:$AY$66"),MATCH(M$1,INDIRECT($D5&"!$AG$1:$AY$1"),0),0) -> 0 | N5: =VLOOKUP($B5,INDIRECT($D5&"!$AG$1:$AY$66"),MATCH(N$1,INDIRECT($D5&"!$AG$1:$AY$1"),0),0) -> 0 | ... V5: =VLOOKUP($B5,INDIRECT($D5&"!$AG$1:$AY$66"),MATCH(V$1,INDIRECT($D5&"!$AG$1:$AY$1"),0),0) -> 0 | W5: =VLOOKUP($B5,INDIRECT($D5&"!$AG$1:$AY$66"),MATCH(W$2,INDIRECT($D5&"!$AG$1:$AY$1"),0),0) -> 200 | X5: =VLOOKUP($B5,INDIRECT($D5&"!$AG$1:$AY$66"),MATCH(X$1,INDIRECT($D5&"!$AG$1:$AY$1"),0),0) -> 全勤，外出 1.5小时(04/28 10:30-04/28 12:00)
A6: 7617657975045442756 | B6: 李佳凤 | C6: 4 | D6: 深圳 | E6: 财务部 | G6: =VLOOKUP($B6,INDIRECT($D6&"!$AG$1:$AY$66"),MATCH(G$1,INDIRECT($D6&"!$AG$1:$AY$1"),0),0) -> 24 | H6: =VLOOKUP($B6,INDIRECT($D6&"!$AG$1:$AY$66"),MATCH(H$1,INDIRECT($D6&"!$AG$1:$AY$1"),0),0) -> 23 | I6: =VLOOKUP($B6,INDIRECT($D6&"!$AG$1:$AY$66"),MATCH(I$1,INDIRECT($D6&"!$AG$1:$AY$1"),0),0) -> 0 | J6: =VLOOKUP($B6,INDIRECT($D6&"!$AG$1:$AY$66"),MATCH(J$1,INDIRECT($D6&"!$AG$1:$AY$1"),0),0) -> 0 | K6: =VLOOKUP($B6,INDIRECT($D6&"!$AG$1:$AY$66"),MATCH(K$1,INDIRECT($D6&"!$AG$1:$AY$1"),0),0) -> 0 | L6: =VLOOKUP($B6,INDIRECT($D6&"!$AG$1:$AY$66"),MATCH(L$1,INDIRECT($D6&"!$AG$1:$AY$1"),0),0) -> 0 | M6: =VLOOKUP($B6,INDIRECT($D6&"!$AG$1:$AY$66"),MATCH(M$1,INDIRECT($D6&"!$AG$1:$AY$1"),0),0) -> 0 | N6: =VLOOKUP($B6,INDIRECT($D6&"!$AG$1:$AY$66"),MATCH(N$1,INDIRECT($D6&"!$AG$1:$AY$1"),0),0) -> 0 | ... V6: =VLOOKUP($B6,INDIRECT($D6&"!$AG$1:$AY$66"),MATCH(V$1,INDIRECT($D6&"!$AG$1:$AY$1"),0),0) -> 0 | W6: =VLOOKUP($B6,INDIRECT($D6&"!$AG$1:$AY$66"),MATCH(W$2,INDIRECT($D6&"!$AG$1:$AY$1"),0),0) -> 200 | X6: =VLOOKUP($B6,INDIRECT($D6&"!$AG$1:$AY$66"),MATCH(X$1,INDIRECT($D6&"!$AG$1:$AY$1"),0),0) -> 全勤
A7: 7560505191249018881 | B7: 李思思 | C7: 4 | D7: 深圳 | E7: 财务部 | F7: 46113 | G7: =VLOOKUP($B7,INDIRECT($D7&"!$AG$1:$AY$66"),MATCH(G$1,INDIRECT($D7&"!$AG$1:$AY$1"),0),0) -> 24 | H7: =VLOOKUP($B7,INDIRECT($D7&"!$AG$1:$AY$66"),MATCH(H$1,INDIRECT($D7&"!$AG$1:$AY$1"),0),0) -> 23 | I7: =VLOOKUP($B7,INDIRECT($D7&"!$AG$1:$AY$66"),MATCH(I$1,INDIRECT($D7&"!$AG$1:$AY$1"),0),0) -> 0 | J7: =VLOOKUP($B7,INDIRECT($D7&"!$AG$1:$AY$66"),MATCH(J$1,INDIRECT($D7&"!$AG$1:$AY$1"),0),0) -> 0 | K7: =VLOOKUP($B7,INDIRECT($D7&"!$AG$1:$AY$66"),MATCH(K$1,INDIRECT($D7&"!$AG$1:$AY$1"),0),0) -> 0 | L7: =VLOOKUP($B7,INDIRECT($D7&"!$AG$1:$AY$66"),MATCH(L$1,INDIRECT($D7&"!$AG$1:$AY$1"),0),0) -> 0 | M7: =VLOOKUP($B7,INDIRECT($D7&"!$AG$1:$AY$66"),MATCH(M$1,INDIRECT($D7&"!$AG$1:$AY$1"),0),0) -> 0 | N7: =VLOOKUP($B7,INDIRECT($D7&"!$AG$1:$AY$66"),MATCH(N$1,INDIRECT($D7&"!$AG$1:$AY$1"),0),0) -> 0 | ... V7: =VLOOKUP($B7,INDIRECT($D7&"!$AG$1:$AY$66"),MATCH(V$1,INDIRECT($D7&"!$AG$1:$AY$1"),0),0) -> 0 | W7: =VLOOKUP($B7,INDIRECT($D7&"!$AG$1:$AY$66"),MATCH(W$2,INDIRECT($D7&"!$AG$1:$AY$1"),0),0) -> 200 | X7: =VLOOKUP($B7,INDIRECT($D7&"!$AG$1:$AY$66"),MATCH(X$1,INDIRECT($D7&"!$AG$1:$AY$1"),0),0) -> 全勤，外出 6.5小时(04/22 12:00-04/22 18:30)
A8: 7494102874601947138 | B8: 邓茗霞 | C8: 4 | D8: 深圳 | E8: 采购部 | F8: 44732 | G8: =VLOOKUP($B8,INDIRECT($D8&"!$AG$1:$AY$66"),MATCH(G$1,INDIRECT($D8&"!$AG$1:$AY$1"),0),0) -> 24 | H8: =VLOOKUP($B8,INDIRECT($D8&"!$AG$1:$AY$66"),MATCH(H$1,INDIRECT($D8&"!$AG$1:$AY$1"),0),0) -> 22 | I8: =VLOOKUP($B8,INDIRECT($D8&"!$AG$1:$AY$66"),MATCH(I$1,INDIRECT($D8&"!$AG$1:$AY$1"),0),0) -> 5 | J8: =VLOOKUP($B8,INDIRECT($D8&"!$AG$1:$AY$66"),MATCH(J$1,INDIRECT($D8&"!$AG$1:$AY$1"),0),0) -> 0 | K8: =VLOOKUP($B8,INDIRECT($D8&"!$AG$1:$AY$66"),MATCH(K$1,INDIRECT($D8&"!$AG$1:$AY$1"),0),0) -> 0 | L8: =VLOOKUP($B8,INDIRECT($D8&"!$AG$1:$AY$66"),MATCH(L$1,INDIRECT($D8&"!$AG$1:$AY$1"),0),0) -> 0.44 | M8: =VLOOKUP($B8,INDIRECT($D8&"!$AG$1:$AY$66"),MATCH(M$1,INDIRECT($D8&"!$AG$1:$AY$1"),0),0) -> 0.56 | N8: =VLOOKUP($B8,INDIRECT($D8&"!$AG$1:$AY$66"),MATCH(N$1,INDIRECT($D8&"!$AG$1:$AY$1"),0),0) -> 0 | ... V8: =VLOOKUP($B8,INDIRECT($D8&"!$AG$1:$AY$66"),MATCH(V$1,INDIRECT($D8&"!$AG$1:$AY$1"),0),0) -> 0 | W8: =VLOOKUP($B8,INDIRECT($D8&"!$AG$1:$AY$66"),MATCH(W$2,INDIRECT($D8&"!$AG$1:$AY$1"),0),0) -> 0 | X8: =VLOOKUP($B8,INDIRECT($D8&"!$AG$1:$AY$66"),MATCH(X$1,INDIRECT($D8&"!$AG$1:$AY$1"),0),0) -> 事假 3.5小时(04/04 09:00-04/04 12:30);年假 4.5小时(04/10 14:00-04/10 18:30)，迟到2次共5分钟
A9: 7494105557268791297 | B9: 张丽玲 | C9: 4 | D9: 深圳 | E9: 采购部 | F9: 44739 | G9: =VLOOKUP($B9,INDIRECT($D9&"!$AG$1:$AY$66"),MATCH(G$1,INDIRECT($D9&"!$AG$1:$AY$1"),0),0) -> 24 | H9: =VLOOKUP($B9,INDIRECT($D9&"!$AG$1:$AY$66"),MATCH(H$1,INDIRECT($D9&"!$AG$1:$AY$1"),0),0) -> 22.44 | I9: =VLOOKUP($B9,INDIRECT($D9&"!$AG$1:$AY$66"),MATCH(I$1,INDIRECT($D9&"!$AG$1:$AY$1"),0),0) -> 0 | J9: =VLOOKUP($B9,INDIRECT($D9&"!$AG$1:$AY$66"),MATCH(J$1,INDIRECT($D9&"!$AG$1:$AY$1"),0),0) -> 0 | K9: =VLOOKUP($B9,INDIRECT($D9&"!$AG$1:$AY$66"),MATCH(K$1,INDIRECT($D9&"!$AG$1:$AY$1"),0),0) -> 0 | L9: =VLOOKUP($B9,INDIRECT($D9&"!$AG$1:$AY$66"),MATCH(L$1,INDIRECT($D9&"!$AG$1:$AY$1"),0),0) -> 0.56 | M9: =VLOOKUP($B9,INDIRECT($D9&"!$AG$1:$AY$66"),MATCH(M$1,INDIRECT($D9&"!$AG$1:$AY$1"),0),0) -> 0 | N9: =VLOOKUP($B9,INDIRECT($D9&"!$AG$1:$AY$66"),MATCH(N$1,INDIRECT($D9&"!$AG$1:$AY$1"),0),0) -> 0 | ... V9: =VLOOKUP($B9,INDIRECT($D9&"!$AG$1:$AY$66"),MATCH(V$1,INDIRECT($D9&"!$AG$1:$AY$1"),0),0) -> 0 | W9: =VLOOKUP($B9,INDIRECT($D9&"!$AG$1:$AY$66"),MATCH(W$2,INDIRECT($D9&"!$AG$1:$AY$1"),0),0) -> 0 | X9: =VLOOKUP($B9,INDIRECT($D9&"!$AG$1:$AY$66"),MATCH(X$1,INDIRECT($D9&"!$AG$1:$AY$1"),0),0) -> 事假 4.5小时(04/04 14:00-04/04 18:30)
A10: 7579801382065081549 | B10: 施晓珊 | C10: 4 | D10: 深圳 | E10: 采购部 | F10: 46085 | G10: =VLOOKUP($B10,INDIRECT($D10&"!$AG$1:$AY$66"),MATCH(G$1,INDIRECT($D10&"!$AG$1:$AY$1"),0),0) -> 24 | H10: =VLOOKUP($B10,INDIRECT($D10&"!$AG$1:$AY$66"),MATCH(H$1,INDIRECT($D10&"!$AG$1:$AY$1"),0),0) -> 23 | I10: =VLOOKUP($B10,INDIRECT($D10&"!$AG$1:$AY$66"),MATCH(I$1,INDIRECT($D10&"!$AG$1:$AY$1"),0),0) -> 0 | J10: =VLOOKUP($B10,INDIRECT($D10&"!$AG$1:$AY$66"),MATCH(J$1,INDIRECT($D10&"!$AG$1:$AY$1"),0),0) -> 0 | K10: =VLOOKUP($B10,INDIRECT($D10&"!$AG$1:$AY$66"),MATCH(K$1,INDIRECT($D10&"!$AG$1:$AY$1"),0),0) -> 0 | L10: =VLOOKUP($B10,INDIRECT($D10&"!$AG$1:$AY$66"),MATCH(L$1,INDIRECT($D10&"!$AG$1:$AY$1"),0),0) -> 0 | M10: =VLOOKUP($B10,INDIRECT($D10&"!$AG$1:$AY$66"),MATCH(M$1,INDIRECT($D10&"!$AG$1:$AY$1"),0),0) -> 0 | N10: =VLOOKUP($B10,INDIRECT($D10&"!$AG$1:$AY$66"),MATCH(N$1,INDIRECT($D10&"!$AG$1:$AY$1"),0),0) -> 0 | ... V10: =VLOOKUP($B10,INDIRECT($D10&"!$AG$1:$AY$66"),MATCH(V$1,INDIRECT($D10&"!$AG$1:$AY$1"),0),0) -> 0 | W10: =VLOOKUP($B10,INDIRECT($D10&"!$AG$1:$AY$66"),MATCH(W$2,INDIRECT($D10&"!$AG$1:$AY$1"),0),0) -> 200 | X10: =VLOOKUP($B10,INDIRECT($D10&"!$AG$1:$AY$66"),MATCH(X$1,INDIRECT($D10&"!$AG$1:$AY$1"),0),0) -> 全勤
A11: 7494101128265957380 | B11: 罗仁杰 | C11: 4 | D11: 深圳 | E11: 开发部 | F11: 45471 | G11: =VLOOKUP($B11,INDIRECT($D11&"!$AG$1:$AY$66"),MATCH(G$1,INDIRECT($D11&"!$AG$1:$AY$1"),0),0) -> 24 | H11: =VLOOKUP($B11,INDIRECT($D11&"!$AG$1:$AY$66"),MATCH(H$1,INDIRECT($D11&"!$AG$1:$AY$1"),0),0) -> 22 | I11: =VLOOKUP($B11,INDIRECT($D11&"!$AG$1:$AY$66"),MATCH(I$1,INDIRECT($D11&"!$AG$1:$AY$1"),0),0) -> 0 | J11: =VLOOKUP($B11,INDIRECT($D11&"!$AG$1:$AY$66"),MATCH(J$1,INDIRECT($D11&"!$AG$1:$AY$1"),0),0) -> 0 | K11: =VLOOKUP($B11,INDIRECT($D11&"!$AG$1:$AY$66"),MATCH(K$1,INDIRECT($D11&"!$AG$1:$AY$1"),0),0) -> 0 | L11: =VLOOKUP($B11,INDIRECT($D11&"!$AG$1:$AY$66"),MATCH(L$1,INDIRECT($D11&"!$AG$1:$AY$1"),0),0) -> 0 | M11: =VLOOKUP($B11,INDIRECT($D11&"!$AG$1:$AY$66"),MATCH(M$1,INDIRECT($D11&"!$AG$1:$AY$1"),0),0) -> 1 | N11: =VLOOKUP($B11,INDIRECT($D11&"!$AG$1:$AY$66"),MATCH(N$1,INDIRECT($D11&"!$AG$1:$AY$1"),0),0) -> 0 | ... V11: =VLOOKUP($B11,INDIRECT($D11&"!$AG$1:$AY$66"),MATCH(V$1,INDIRECT($D11&"!$AG$1:$AY$1"),0),0) -> 0 | W11: =VLOOKUP($B11,INDIRECT($D11&"!$AG$1:$AY$66"),MATCH(W$2,INDIRECT($D11&"!$AG$1:$AY$1"),0),0) -> 200 | X11: =VLOOKUP($B11,INDIRECT($D11&"!$AG$1:$AY$66"),MATCH(X$1,INDIRECT($D11&"!$AG$1:$AY$1"),0),0) -> 全勤，年假 8小时(04/24 09:00-04/24 18:30)
A12: 7494101393688068115 | B12: 彭永红 | C12: 4 | D12: 深圳 | E12: 开发部 | F12: 43360 | G12: =VLOOKUP($B12,INDIRECT($D12&"!$AG$1:$AY$66"),MATCH(G$1,INDIRECT($D12&"!$AG$1:$AY$1"),0),0) -> 24 | H12: =VLOOKUP($B12,INDIRECT($D12&"!$AG$1:$AY$66"),MATCH(H$1,INDIRECT($D12&"!$AG$1:$AY$1"),0),0) -> 23 | I12: =VLOOKUP($B12,INDIRECT($D12&"!$AG$1:$AY$66"),MATCH(I$1,INDIRECT($D12&"!$AG$1:$AY$1"),0),0) -> 0 | J12: =VLOOKUP($B12,INDIRECT($D12&"!$AG$1:$AY$66"),MATCH(J$1,INDIRECT($D12&"!$AG$1:$AY$1"),0),0) -> 0 | K12: =VLOOKUP($B12,INDIRECT($D12&"!$AG$1:$AY$66"),MATCH(K$1,INDIRECT($D12&"!$AG$1:$AY$1"),0),0) -> 0 | L12: =VLOOKUP($B12,INDIRECT($D12&"!$AG$1:$AY$66"),MATCH(L$1,INDIRECT($D12&"!$AG$1:$AY$1"),0),0) -> 0 | M12: =VLOOKUP($B12,INDIRECT($D12&"!$AG$1:$AY$66"),MATCH(M$1,INDIRECT($D12&"!$AG$1:$AY$1"),0),0) -> 0 | N12: =VLOOKUP($B12,INDIRECT($D12&"!$AG$1:$AY$66"),MATCH(N$1,INDIRECT($D12&"!$AG$1:$AY$1"),0),0) -> 0 | ... V12: =VLOOKUP($B12,INDIRECT($D12&"!$AG$1:$AY$66"),MATCH(V$1,INDIRECT($D12&"!$AG$1:$AY$1"),0),0) -> 0 | W12: =VLOOKUP($B12,INDIRECT($D12&"!$AG$1:$AY$66"),MATCH(W$2,INDIRECT($D12&"!$AG$1:$AY$1"),0),0) -> 200 | X12: =VLOOKUP($B12,INDIRECT($D12&"!$AG$1:$AY$66"),MATCH(X$1,INDIRECT($D12&"!$AG$1:$AY$1"),0),0) -> 全勤
A13: 7494101172369358852 | B13: 魏永伟 | C13: 4 | D13: 深圳 | E13: 开发部 | F13: 45468 | G13: =VLOOKUP($B13,INDIRECT($D13&"!$AG$1:$AY$66"),MATCH(G$1,INDIRECT($D13&"!$AG$1:$AY$1"),0),0) -> 24 | H13: =VLOOKUP($B13,INDIRECT($D13&"!$AG$1:$AY$66"),MATCH(H$1,INDIRECT($D13&"!$AG$1:$AY$1"),0),0) -> 23 | I13: =VLOOKUP($B13,INDIRECT($D13&"!$AG$1:$AY$66"),MATCH(I$1,INDIRECT($D13&"!$AG$1:$AY$1"),0),0) -> 0 | J13: =VLOOKUP($B13,INDIRECT($D13&"!$AG$1:$AY$66"),MATCH(J$1,INDIRECT($D13&"!$AG$1:$AY$1"),0),0) -> 0 | K13: =VLOOKUP($B13,INDIRECT($D13&"!$AG$1:$AY$66"),MATCH(K$1,INDIRECT($D13&"!$AG$1:$AY$1"),0),0) -> 0 | L13: =VLOOKUP($B13,INDIRECT($D13&"!$AG$1:$AY$66"),MATCH(L$1,INDIRECT($D13&"!$AG$1:$AY$1"),0),0) -> 0 | M13: =VLOOKUP($B13,INDIRECT($D13&"!$AG$1:$AY$66"),MATCH(M$1,INDIRECT($D13&"!$AG$1:$AY$1"),0),0) -> 0 | N13: =VLOOKUP($B13,INDIRECT($D13&"!$AG$1:$AY$66"),MATCH(N$1,INDIRECT($D13&"!$AG$1:$AY$1"),0),0) -> 0 | ... V13: =VLOOKUP($B13,INDIRECT($D13&"!$AG$1:$AY$66"),MATCH(V$1,INDIRECT($D13&"!$AG$1:$AY$1"),0),0) -> 0 | W13: =VLOOKUP($B13,INDIRECT($D13&"!$AG$1:$AY$66"),MATCH(W$2,INDIRECT($D13&"!$AG$1:$AY$1"),0),0) -> 200 | X13: =VLOOKUP($B13,INDIRECT($D13&"!$AG$1:$AY$66"),MATCH(X$1,INDIRECT($D13&"!$AG$1:$AY$1"),0),0) -> 全勤
A14: 7612460595211685045 | B14: 徐锡瑩 | C14: 4 | D14: 深圳 | E14: 开发部 | G14: =VLOOKUP($B14,INDIRECT($D14&"!$AG$1:$AY$66"),MATCH(G$1,INDIRECT($D14&"!$AG$1:$AY$1"),0),0) -> 24 | H14: =VLOOKUP($B14,INDIRECT($D14&"!$AG$1:$AY$66"),MATCH(H$1,INDIRECT($D14&"!$AG$1:$AY$1"),0),0) -> 23 | I14: =VLOOKUP($B14,INDIRECT($D14&"!$AG$1:$AY$66"),MATCH(I$1,INDIRECT($D14&"!$AG$1:$AY$1"),0),0) -> 1 | J14: =VLOOKUP($B14,INDIRECT($D14&"!$AG$1:$AY$66"),MATCH(J$1,INDIRECT($D14&"!$AG$1:$AY$1"),0),0) -> 0 | K14: =VLOOKUP($B14,INDIRECT($D14&"!$AG$1:$AY$66"),MATCH(K$1,INDIRECT($D14&"!$AG$1:$AY$1"),0),0) -> 0 | L14: =VLOOKUP($B14,INDIRECT($D14&"!$AG$1:$AY$66"),MATCH(L$1,INDIRECT($D14&"!$AG$1:$AY$1"),0),0) -> 0 | M14: =VLOOKUP($B14,INDIRECT($D14&"!$AG$1:$AY$66"),MATCH(M$1,INDIRECT($D14&"!$AG$1:$AY$1"),0),0) -> 0 | N14: =VLOOKUP($B14,INDIRECT($D14&"!$AG$1:$AY$66"),MATCH(N$1,INDIRECT($D14&"!$AG$1:$AY$1"),0),0) -> 0 | ... V14: =VLOOKUP($B14,INDIRECT($D14&"!$AG$1:$AY$66"),MATCH(V$1,INDIRECT($D14&"!$AG$1:$AY$1"),0),0) -> 0 | W14: =VLOOKUP($B14,INDIRECT($D14&"!$AG$1:$AY$66"),MATCH(W$2,INDIRECT($D14&"!$AG$1:$AY$1"),0),0) -> 0 | X14: =VLOOKUP($B14,INDIRECT($D14&"!$AG$1:$AY$66"),MATCH(X$1,INDIRECT($D14&"!$AG$1:$AY$1"),0),0) -> 迟到1分钟
A15: 7613565786199722939 | B15: 朱耀君 | C15: 4 | D15: 深圳 | E15: 开发部 | G15: =VLOOKUP($B15,INDIRECT($D15&"!$AG$1:$AY$66"),MATCH(G$1,INDIRECT($D15&"!$AG$1:$AY$1"),0),0) -> 24 | H15: =VLOOKUP($B15,INDIRECT($D15&"!$AG$1:$AY$66"),MATCH(H$1,INDIRECT($D15&"!$AG$1:$AY$1"),0),0) -> 23 | I15: =VLOOKUP($B15,INDIRECT($D15&"!$AG$1:$AY$66"),MATCH(I$1,INDIRECT($D15&"!$AG$1:$AY$1"),0),0) -> 0 | J15: =VLOOKUP($B15,INDIRECT($D15&"!$AG$1:$AY$66"),MATCH(J$1,INDIRECT($D15&"!$AG$1:$AY$1"),0),0) -> 0 | K15: =VLOOKUP($B15,INDIRECT($D15&"!$AG$1:$AY$66"),MATCH(K$1,INDIRECT($D15&"!$AG$1:$AY$1"),0),0) -> 0 | L15: =VLOOKUP($B15,INDIRECT($D15&"!$AG$1:$AY$66"),MATCH(L$1,INDIRECT($D15&"!$AG$1:$AY$1"),0),0) -> 0 | M15: =VLOOKUP($B15,INDIRECT($D15&"!$AG$1:$AY$66"),MATCH(M$1,INDIRECT($D15&"!$AG$1:$AY$1"),0),0) -> 0 | N15: =VLOOKUP($B15,INDIRECT($D15&"!$AG$1:$AY$66"),MATCH(N$1,INDIRECT($D15&"!$AG$1:$AY$1"),0),0) -> 0 | ... V15: =VLOOKUP($B15,INDIRECT($D15&"!$AG$1:$AY$66"),MATCH(V$1,INDIRECT($D15&"!$AG$1:$AY$1"),0),0) -> 0 | W15: =VLOOKUP($B15,INDIRECT($D15&"!$AG$1:$AY$66"),MATCH(W$2,INDIRECT($D15&"!$AG$1:$AY$1"),0),0) -> 200 | X15: =VLOOKUP($B15,INDIRECT($D15&"!$AG$1:$AY$66"),MATCH(X$1,INDIRECT($D15&"!$AG$1:$AY$1"),0),0) -> 全勤
A16: 7494100992892829715 | B16: 刘俊聪 | C16: 4 | D16: 深圳 | E16: 设计部 | F16: 43830 | G16: =VLOOKUP($B16,INDIRECT($D16&"!$AG$1:$AY$66"),MATCH(G$1,INDIRECT($D16&"!$AG$1:$AY$1"),0),0) -> 24 | H16: =VLOOKUP($B16,INDIRECT($D16&"!$AG$1:$AY$66"),MATCH(H$1,INDIRECT($D16&"!$AG$1:$AY$1"),0),0) -> 22 | I16: =VLOOKUP($B16,INDIRECT($D16&"!$AG$1:$AY$66"),MATCH(I$1,INDIRECT($D16&"!$AG$1:$AY$1"),0),0) -> 0 | J16: =VLOOKUP($B16,INDIRECT($D16&"!$AG$1:$AY$66"),MATCH(J$1,INDIRECT($D16&"!$AG$1:$AY$1"),0),0) -> 0 | K16: =VLOOKUP($B16,INDIRECT($D16&"!$AG$1:$AY$66"),MATCH(K$1,INDIRECT($D16&"!$AG$1:$AY$1"),0),0) -> 0 | L16: =VLOOKUP($B16,INDIRECT($D16&"!$AG$1:$AY$66"),MATCH(L$1,INDIRECT($D16&"!$AG$1:$AY$1"),0),0) -> 0 | M16: =VLOOKUP($B16,INDIRECT($D16&"!$AG$1:$AY$66"),MATCH(M$1,INDIRECT($D16&"!$AG$1:$AY$1"),0),0) -> 1 | N16: =VLOOKUP($B16,INDIRECT($D16&"!$AG$1:$AY$66"),MATCH(N$1,INDIRECT($D16&"!$AG$1:$AY$1"),0),0) -> 0 | ... V16: =VLOOKUP($B16,INDIRECT($D16&"!$AG$1:$AY$66"),MATCH(V$1,INDIRECT($D16&"!$AG$1:$AY$1"),0),0) -> 0 | W16: =VLOOKUP($B16,INDIRECT($D16&"!$AG$1:$AY$66"),MATCH(W$2,INDIRECT($D16&"!$AG$1:$AY$1"),0),0) -> 200 | X16: =VLOOKUP($B16,INDIRECT($D16&"!$AG$1:$AY$66"),MATCH(X$1,INDIRECT($D16&"!$AG$1:$AY$1"),0),0) -> 全勤，年假 8小时(04/01 09:00-04/01 18:30)
A17: 7494101078171467777 | B17: 吴竞涛 | C17: 4 | D17: 深圳 | E17: 设计部 | F17: 45546 | G17: =VLOOKUP($B17,INDIRECT($D17&"!$AG$1:$AY$66"),MATCH(G$1,INDIRECT($D17&"!$AG$1:$AY$1"),0),0) -> 24 | H17: =VLOOKUP($B17,INDIRECT($D17&"!$AG$1:$AY$66"),MATCH(H$1,INDIRECT($D17&"!$AG$1:$AY$1"),0),0) -> 13 | I17: =VLOOKUP($B17,INDIRECT($D17&"!$AG$1:$AY$66"),MATCH(I$1,INDIRECT($D17&"!$AG$1:$AY$1"),0),0) -> 0 | J17: =VLOOKUP($B17,INDIRECT($D17&"!$AG$1:$AY$66"),MATCH(J$1,INDIRECT($D17&"!$AG$1:$AY$1"),0),0) -> 0 | K17: =VLOOKUP($B17,INDIRECT($D17&"!$AG$1:$AY$66"),MATCH(K$1,INDIRECT($D17&"!$AG$1:$AY$1"),0),0) -> 0 | L17: =VLOOKUP($B17,INDIRECT($D17&"!$AG$1:$AY$66"),MATCH(L$1,INDIRECT($D17&"!$AG$1:$AY$1"),0),0) -> 1 | M17: =VLOOKUP($B17,INDIRECT($D17&"!$AG$1:$AY$66"),MATCH(M$1,INDIRECT($D17&"!$AG$1:$AY$1"),0),0) -> 0 | N17: =VLOOKUP($B17,INDIRECT($D17&"!$AG$1:$AY$66"),MATCH(N$1,INDIRECT($D17&"!$AG$1:$AY$1"),0),0) -> 0 | ... V17: =VLOOKUP($B17,INDIRECT($D17&"!$AG$1:$AY$66"),MATCH(V$1,INDIRECT($D17&"!$AG$1:$AY$1"),0),0) -> 0 | W17: =VLOOKUP($B17,INDIRECT($D17&"!$AG$1:$AY$66"),MATCH(W$2,INDIRECT($D17&"!$AG$1:$AY$1"),0),0) -> 0 | X17: =VLOOKUP($B17,INDIRECT($D17&"!$AG$1:$AY$66"),MATCH(X$1,INDIRECT($D17&"!$AG$1:$AY$1"),0),0) -> 事假 8小时(04/10 09:00-04/10 18:30),18日离职
A18: 7628041617374579672 | B18: 洪诗星 | C18: 4 | D18: 深圳 | E18: 设计部 | G18: =VLOOKUP($B18,INDIRECT($D18&"!$AG$1:$AY$66"),MATCH(G$1,INDIRECT($D18&"!$AG$1:$AY$1"),0),0) -> 24 | H18: =VLOOKUP($B18,INDIRECT($D18&"!$AG$1:$AY$66"),MATCH(H$1,INDIRECT($D18&"!$AG$1:$AY$1"),0),0) -> 15 | I18: =VLOOKUP($B18,INDIRECT($D18&"!$AG$1:$AY$66"),MATCH(I$1,INDIRECT($D18&"!$AG$1:$AY$1"),0),0) -> 0 | J18: =VLOOKUP($B18,INDIRECT($D18&"!$AG$1:$AY$66"),MATCH(J$1,INDIRECT($D18&"!$AG$1:$AY$1"),0),0) -> 0 | K18: =VLOOKUP($B18,INDIRECT($D18&"!$AG$1:$AY$66"),MATCH(K$1,INDIRECT($D18&"!$AG$1:$AY$1"),0),0) -> 0 | L18: =VLOOKUP($B18,INDIRECT($D18&"!$AG$1:$AY$66"),MATCH(L$1,INDIRECT($D18&"!$AG$1:$AY$1"),0),0) -> 0 | M18: =VLOOKUP($B18,INDIRECT($D18&"!$AG$1:$AY$66"),MATCH(M$1,INDIRECT($D18&"!$AG$1:$AY$1"),0),0) -> 0 | N18: =VLOOKUP($B18,INDIRECT($D18&"!$AG$1:$AY$66"),MATCH(N$1,INDIRECT($D18&"!$AG$1:$AY$1"),0),0) -> 0 | ... V18: =VLOOKUP($B18,INDIRECT($D18&"!$AG$1:$AY$66"),MATCH(V$1,INDIRECT($D18&"!$AG$1:$AY$1"),0),0) -> 0 | W18: =VLOOKUP($B18,INDIRECT($D18&"!$AG$1:$AY$66"),MATCH(W$2,INDIRECT($D18&"!$AG$1:$AY$1"),0),0) -> 0 | X18: =VLOOKUP($B18,INDIRECT($D18&"!$AG$1:$AY$66"),MATCH(X$1,INDIRECT($D18&"!$AG$1:$AY$1"),0),0) -> 13日入职
A19: 7494103173159010307 | B19: 刘士灵 | C19: 4 | D19: 深圳 | E19: 物流部 | F19: 43781 | G19: =VLOOKUP($B19,INDIRECT($D19&"!$AG$1:$AY$66"),MATCH(G$1,INDIRECT($D19&"!$AG$1:$AY$1"),0),0) -> 24 | H19: =VLOOKUP($B19,INDIRECT($D19&"!$AG$1:$AY$66"),MATCH(H$1,INDIRECT($D19&"!$AG$1:$AY$1"),0),0) -> 23 | I19: =VLOOKUP($B19,INDIRECT($D19&"!$AG$1:$AY$66"),MATCH(I$1,INDIRECT($D19&"!$AG$1:$AY$1"),0),0) -> 1 | J19: =VLOOKUP($B19,INDIRECT($D19&"!$AG$1:$AY$66"),MATCH(J$1,INDIRECT($D19&"!$AG$1:$AY$1"),0),0) -> 2 | K19: =VLOOKUP($B19,INDIRECT($D19&"!$AG$1:$AY$66"),MATCH(K$1,INDIRECT($D19&"!$AG$1:$AY$1"),0),0) -> 0 | L19: =VLOOKUP($B19,INDIRECT($D19&"!$AG$1:$AY$66"),MATCH(L$1,INDIRECT($D19&"!$AG$1:$AY$1"),0),0) -> 0 | M19: =VLOOKUP($B19,INDIRECT($D19&"!$AG$1:$AY$66"),MATCH(M$1,INDIRECT($D19&"!$AG$1:$AY$1"),0),0) -> 0 | N19: =VLOOKUP($B19,INDIRECT($D19&"!$AG$1:$AY$66"),MATCH(N$1,INDIRECT($D19&"!$AG$1:$AY$1"),0),0) -> 0 | ... V19: =VLOOKUP($B19,INDIRECT($D19&"!$AG$1:$AY$66"),MATCH(V$1,INDIRECT($D19&"!$AG$1:$AY$1"),0),0) -> 0 | W19: =VLOOKUP($B19,INDIRECT($D19&"!$AG$1:$AY$66"),MATCH(W$2,INDIRECT($D19&"!$AG$1:$AY$1"),0),0) -> 0 | X19: =VLOOKUP($B19,INDIRECT($D19&"!$AG$1:$AY$66"),MATCH(X$1,INDIRECT($D19&"!$AG$1:$AY$1"),0),0) -> 缺卡2次，迟到1分钟
A20: 7583885494455389385 | B20: 杨汇雯 | C20: 4 | D20: 深圳 | E20: 物流部 | F20: 46096 | G20: =VLOOKUP($B20,INDIRECT($D20&"!$AG$1:$AY$66"),MATCH(G$1,INDIRECT($D20&"!$AG$1:$AY$1"),0),0) -> 24 | H20: =VLOOKUP($B20,INDIRECT($D20&"!$AG$1:$AY$66"),MATCH(H$1,INDIRECT($D20&"!$AG$1:$AY$1"),0),0) -> 23 | I20: =VLOOKUP($B20,INDIRECT($D20&"!$AG$1:$AY$66"),MATCH(I$1,INDIRECT($D20&"!$AG$1:$AY$1"),0),0) -> 0 | J20: =VLOOKUP($B20,INDIRECT($D20&"!$AG$1:$AY$66"),MATCH(J$1,INDIRECT($D20&"!$AG$1:$AY$1"),0),0) -> 0 | K20: =VLOOKUP($B20,INDIRECT($D20&"!$AG$1:$AY$66"),MATCH(K$1,INDIRECT($D20&"!$AG$1:$AY$1"),0),0) -> 0 | L20: =VLOOKUP($B20,INDIRECT($D20&"!$AG$1:$AY$66"),MATCH(L$1,INDIRECT($D20&"!$AG$1:$AY$1"),0),0) -> 0 | M20: =VLOOKUP($B20,INDIRECT($D20&"!$AG$1:$AY$66"),MATCH(M$1,INDIRECT($D20&"!$AG$1:$AY$1"),0),0) -> 0 | N20: =VLOOKUP($B20,INDIRECT($D20&"!$AG$1:$AY$66"),MATCH(N$1,INDIRECT($D20&"!$AG$1:$AY$1"),0),0) -> 0 | ... V20: =VLOOKUP($B20,INDIRECT($D20&"!$AG$1:$AY$66"),MATCH(V$1,INDIRECT($D20&"!$AG$1:$AY$1"),0),0) -> 0 | W20: =VLOOKUP($B20,INDIRECT($D20&"!$AG$1:$AY$66"),MATCH(W$2,INDIRECT($D20&"!$AG$1:$AY$1"),0),0) -> 200 | X20: =VLOOKUP($B20,INDIRECT($D20&"!$AG$1:$AY$66"),MATCH(X$1,INDIRECT($D20&"!$AG$1:$AY$1"),0),0) -> 全勤
A21: 7501522421528133633 | B21: 史泰龙 | C21: 4 | D21: 深圳 | E21: 软件部 | F21: 45848 | G21: =VLOOKUP($B21,INDIRECT($D21&"!$AG$1:$AY$66"),MATCH(G$1,INDIRECT($D21&"!$AG$1:$AY$1"),0),0) -> 24 | H21: =VLOOKUP($B21,INDIRECT($D21&"!$AG$1:$AY$66"),MATCH(H$1,INDIRECT($D21&"!$AG$1:$AY$1"),0),0) -> 23 | I21: =VLOOKUP($B21,INDIRECT($D21&"!$AG$1:$AY$66"),MATCH(I$1,INDIRECT($D21&"!$AG$1:$AY$1"),0),0) -> 0 | J21: =VLOOKUP($B21,INDIRECT($D21&"!$AG$1:$AY$66"),MATCH(J$1,INDIRECT($D21&"!$AG$1:$AY$1"),0),0) -> 0 | K21: =VLOOKUP($B21,INDIRECT($D21&"!$AG$1:$AY$66"),MATCH(K$1,INDIRECT($D21&"!$AG$1:$AY$1"),0),0) -> 0 | L21: =VLOOKUP($B21,INDIRECT($D21&"!$AG$1:$AY$66"),MATCH(L$1,INDIRECT($D21&"!$AG$1:$AY$1"),0),0) -> 0 | M21: =VLOOKUP($B21,INDIRECT($D21&"!$AG$1:$AY$66"),MATCH(M$1,INDIRECT($D21&"!$AG$1:$AY$1"),0),0) -> 0 | N21: =VLOOKUP($B21,INDIRECT($D21&"!$AG$1:$AY$66"),MATCH(N$1,INDIRECT($D21&"!$AG$1:$AY$1"),0),0) -> 0 | ... V21: =VLOOKUP($B21,INDIRECT($D21&"!$AG$1:$AY$66"),MATCH(V$1,INDIRECT($D21&"!$AG$1:$AY$1"),0),0) -> 0 | W21: =VLOOKUP($B21,INDIRECT($D21&"!$AG$1:$AY$66"),MATCH(W$2,INDIRECT($D21&"!$AG$1:$AY$1"),0),0) -> 200 | X21: =VLOOKUP($B21,INDIRECT($D21&"!$AG$1:$AY$66"),MATCH(X$1,INDIRECT($D21&"!$AG$1:$AY$1"),0),0) -> 全勤
A22: 7613578648704011195 | B22: 王明宇 | C22: 4 | D22: 深圳 | E22: 软件部 | G22: =VLOOKUP($B22,INDIRECT($D22&"!$AG$1:$AY$66"),MATCH(G$1,INDIRECT($D22&"!$AG$1:$AY$1"),0),0) -> 24 | H22: =VLOOKUP($B22,INDIRECT($D22&"!$AG$1:$AY$66"),MATCH(H$1,INDIRECT($D22&"!$AG$1:$AY$1"),0),0) -> 21.56 | I22: =VLOOKUP($B22,INDIRECT($D22&"!$AG$1:$AY$66"),MATCH(I$1,INDIRECT($D22&"!$AG$1:$AY$1"),0),0) -> 0 | J22: =VLOOKUP($B22,INDIRECT($D22&"!$AG$1:$AY$66"),MATCH(J$1,INDIRECT($D22&"!$AG$1:$AY$1"),0),0) -> 0 | K22: =VLOOKUP($B22,INDIRECT($D22&"!$AG$1:$AY$66"),MATCH(K$1,INDIRECT($D22&"!$AG$1:$AY$1"),0),0) -> 0 | L22: =VLOOKUP($B22,INDIRECT($D22&"!$AG$1:$AY$66"),MATCH(L$1,INDIRECT($D22&"!$AG$1:$AY$1"),0),0) -> 1.44 | M22: =VLOOKUP($B22,INDIRECT($D22&"!$AG$1:$AY$66"),MATCH(M$1,INDIRECT($D22&"!$AG$1:$AY$1"),0),0) -> 0 | N22: =VLOOKUP($B22,INDIRECT($D22&"!$AG$1:$AY$66"),MATCH(N$1,INDIRECT($D22&"!$AG$1:$AY$1"),0),0) -> 0 | ... V22: =VLOOKUP($B22,INDIRECT($D22&"!$AG$1:$AY$66"),MATCH(V$1,INDIRECT($D22&"!$AG$1:$AY$1"),0),0) -> 0 | W22: =VLOOKUP($B22,INDIRECT($D22&"!$AG$1:$AY$66"),MATCH(W$2,INDIRECT($D22&"!$AG$1:$AY$1"),0),0) -> 0 | X22: =VLOOKUP($B22,INDIRECT($D22&"!$AG$1:$AY$66"),MATCH(X$1,INDIRECT($D22&"!$AG$1:$AY$1"),0),0) -> 事假 3.5小时(04/07 09:00-04/07 12:30);事假 8小时(04/16 09:00-04/16 18:30)
A23: 7617656987353992410 | B23: 黄云宝 | C23: 4 | D23: 深圳 | E23: 软件部 | G23: =VLOOKUP($B23,INDIRECT($D23&"!$AG$1:$AY$66"),MATCH(G$1,INDIRECT($D23&"!$AG$1:$AY$1"),0),0) -> 24 | H23: =VLOOKUP($B23,INDIRECT($D23&"!$AG$1:$AY$66"),MATCH(H$1,INDIRECT($D23&"!$AG$1:$AY$1"),0),0) -> 23 | I23: =VLOOKUP($B23,INDIRECT($D23&"!$AG$1:$AY$66"),MATCH(I$1,INDIRECT($D23&"!$AG$1:$AY$1"),0),0) -> 0 | J23: =VLOOKUP($B23,INDIRECT($D23&"!$AG$1:$AY$66"),MATCH(J$1,INDIRECT($D23&"!$AG$1:$AY$1"),0),0) -> 0 | K23: =VLOOKUP($B23,INDIRECT($D23&"!$AG$1:$AY$66"),MATCH(K$1,INDIRECT($D23&"!$AG$1:$AY$1"),0),0) -> 0 | L23: =VLOOKUP($B23,INDIRECT($D23&"!$AG$1:$AY$66"),MATCH(L$1,INDIRECT($D23&"!$AG$1:$AY$1"),0),0) -> 0 | M23: =VLOOKUP($B23,INDIRECT($D23&"!$AG$1:$AY$66"),MATCH(M$1,INDIRECT($D23&"!$AG$1:$AY$1"),0),0) -> 0 | N23: =VLOOKUP($B23,INDIRECT($D23&"!$AG$1:$AY$66"),MATCH(N$1,INDIRECT($D23&"!$AG$1:$AY$1"),0),0) -> 0 | ... V23: =VLOOKUP($B23,INDIRECT($D23&"!$AG$1:$AY$66"),MATCH(V$1,INDIRECT($D23&"!$AG$1:$AY$1"),0),0) -> 0 | W23: =VLOOKUP($B23,INDIRECT($D23&"!$AG$1:$AY$66"),MATCH(W$2,INDIRECT($D23&"!$AG$1:$AY$1"),0),0) -> 200 | X23: =VLOOKUP($B23,INDIRECT($D23&"!$AG$1:$AY$66"),MATCH(X$1,INDIRECT($D23&"!$AG$1:$AY$1"),0),0) -> 全勤
A24: 7494123790910652420 | B24: 耿纪涛 | C24: 4 | D24: 深圳 | E24: 人力资源行政部 | F24: 44696 | G24: =VLOOKUP($B24,INDIRECT($D24&"!$AG$1:$AY$66"),MATCH(G$1,INDIRECT($D24&"!$AG$1:$AY$1"),0),0) -> 24 | H24: =VLOOKUP($B24,INDIRECT($D24&"!$AG$1:$AY$66"),MATCH(H$1,INDIRECT($D24&"!$AG$1:$AY$1"),0),0) -> 23 | I24: =VLOOKUP($B24,INDIRECT($D24&"!$AG$1:$AY$66"),MATCH(I$1,INDIRECT($D24&"!$AG$1:$AY$1"),0),0) -> 0 | J24: =VLOOKUP($B24,INDIRECT($D24&"!$AG$1:$AY$66"),MATCH(J$1,INDIRECT($D24&"!$AG$1:$AY$1"),0),0) -> 0 | K24: =VLOOKUP($B24,INDIRECT($D24&"!$AG$1:$AY$66"),MATCH(K$1,INDIRECT($D24&"!$AG$1:$AY$1"),0),0) -> 0 | L24: =VLOOKUP($B24,INDIRECT($D24&"!$AG$1:$AY$66"),MATCH(L$1,INDIRECT($D24&"!$AG$1:$AY$1"),0),0) -> 0 | M24: =VLOOKUP($B24,INDIRECT($D24&"!$AG$1:$AY$66"),MATCH(M$1,INDIRECT($D24&"!$AG$1:$AY$1"),0),0) -> 0 | N24: =VLOOKUP($B24,INDIRECT($D24&"!$AG$1:$AY$66"),MATCH(N$1,INDIRECT($D24&"!$AG$1:$AY$1"),0),0) -> 0 | ... V24: =VLOOKUP($B24,INDIRECT($D24&"!$AG$1:$AY$66"),MATCH(V$1,INDIRECT($D24&"!$AG$1:$AY$1"),0),0) -> 0 | W24: =VLOOKUP($B24,INDIRECT($D24&"!$AG$1:$AY$66"),MATCH(W$2,INDIRECT($D24&"!$AG$1:$AY$1"),0),0) -> 200 | X24: =VLOOKUP($B24,INDIRECT($D24&"!$AG$1:$AY$66"),MATCH(X$1,INDIRECT($D24&"!$AG$1:$AY$1"),0),0) -> 全勤，加班 4.5小时后调休(04/11 14:00-04/11 18:30)
A25: 7494456825800867843 | B25: 曾华欣 | C25: 4 | D25: 深圳 | E25: 人力资源行政部 | F25: 44958 | G25: =VLOOKUP($B25,INDIRECT($D25&"!$AG$1:$AY$66"),MATCH(G$1,INDIRECT($D25&"!$AG$1:$AY$1"),0),0) -> 24 | H25: =VLOOKUP($B25,INDIRECT($D25&"!$AG$1:$AY$66"),MATCH(H$1,INDIRECT($D25&"!$AG$1:$AY$1"),0),0) -> 22 | I25: =VLOOKUP($B25,INDIRECT($D25&"!$AG$1:$AY$66"),MATCH(I$1,INDIRECT($D25&"!$AG$1:$AY$1"),0),0) -> 0 | J25: =VLOOKUP($B25,INDIRECT($D25&"!$AG$1:$AY$66"),MATCH(J$1,INDIRECT($D25&"!$AG$1:$AY$1"),0),0) -> 0 | K25: =VLOOKUP($B25,INDIRECT($D25&"!$AG$1:$AY$66"),MATCH(K$1,INDIRECT($D25&"!$AG$1:$AY$1"),0),0) -> 0 | L25: =VLOOKUP($B25,INDIRECT($D25&"!$AG$1:$AY$66"),MATCH(L$1,INDIRECT($D25&"!$AG$1:$AY$1"),0),0) -> 0 | M25: =VLOOKUP($B25,INDIRECT($D25&"!$AG$1:$AY$66"),MATCH(M$1,INDIRECT($D25&"!$AG$1:$AY$1"),0),0) -> 1 | N25: =VLOOKUP($B25,INDIRECT($D25&"!$AG$1:$AY$66"),MATCH(N$1,INDIRECT($D25&"!$AG$1:$AY$1"),0),0) -> 0 | ... V25: =VLOOKUP($B25,INDIRECT($D25&"!$AG$1:$AY$66"),MATCH(V$1,INDIRECT($D25&"!$AG$1:$AY$1"),0),0) -> 0 | W25: =VLOOKUP($B25,INDIRECT($D25&"!$AG$1:$AY$66"),MATCH(W$2,INDIRECT($D25&"!$AG$1:$AY$1"),0),0) -> 200 | X25: =VLOOKUP($B25,INDIRECT($D25&"!$AG$1:$AY$66"),MATCH(X$1,INDIRECT($D25&"!$AG$1:$AY$1"),0),0) -> 全勤，年假 8小时(04/18 09:00-04/18 18:30)
A26: 7494103198140399644 | B26: 李冬勤 | C26: 4 | D26: 深圳 | E26: 人力资源行政部 | F26: 45597 | G26: =VLOOKUP($B26,INDIRECT($D26&"!$AG$1:$AY$66"),MATCH(G$1,INDIRECT($D26&"!$AG$1:$AY$1"),0),0) -> 24 | H26: =VLOOKUP($B26,INDIRECT($D26&"!$AG$1:$AY$66"),MATCH(H$1,INDIRECT($D26&"!$AG$1:$AY$1"),0),0) -> 18 | I26: =VLOOKUP($B26,INDIRECT($D26&"!$AG$1:$AY$66"),MATCH(I$1,INDIRECT($D26&"!$AG$1:$AY$1"),0),0) -> 0 | J26: =VLOOKUP($B26,INDIRECT($D26&"!$AG$1:$AY$66"),MATCH(J$1,INDIRECT($D26&"!$AG$1:$AY$1"),0),0) -> 0 | K26: =VLOOKUP($B26,INDIRECT($D26&"!$AG$1:$AY$66"),MATCH(K$1,INDIRECT($D26&"!$AG$1:$AY$1"),0),0) -> 0 | L26: =VLOOKUP($B26,INDIRECT($D26&"!$AG$1:$AY$66"),MATCH(L$1,INDIRECT($D26&"!$AG$1:$AY$1"),0),0) -> 0 | M26: =VLOOKUP($B26,INDIRECT($D26&"!$AG$1:$AY$66"),MATCH(M$1,INDIRECT($D26&"!$AG$1:$AY$1"),0),0) -> 1 | N26: =VLOOKUP($B26,INDIRECT($D26&"!$AG$1:$AY$66"),MATCH(N$1,INDIRECT($D26&"!$AG$1:$AY$1"),0),0) -> 0 | ... V26: =VLOOKUP($B26,INDIRECT($D26&"!$AG$1:$AY$66"),MATCH(V$1,INDIRECT($D26&"!$AG$1:$AY$1"),0),0) -> 0 | W26: =VLOOKUP($B26,INDIRECT($D26&"!$AG$1:$AY$66"),MATCH(W$2,INDIRECT($D26&"!$AG$1:$AY$1"),0),0) -> 0 | X26: =VLOOKUP($B26,INDIRECT($D26&"!$AG$1:$AY$66"),MATCH(X$1,INDIRECT($D26&"!$AG$1:$AY$1"),0),0) -> 本月1-5号产假共5天;年假 8小时(04/23 09:00-04/23 18:30)，按人力行政制度哺乳未满1周岁的孩童每天享有1小时哺乳假。
A27: 7497931957964161052 | B27: 罗洁敏 | C27: 4 | D27: 深圳 | E27: 事业二部/项目二部 | F27: 45169 | G27: =VLOOKUP($B27,INDIRECT($D27&"!$AG$1:$AY$66"),MATCH(G$1,INDIRECT($D27&"!$AG$1:$AY$1"),0),0) -> 24 | H27: =VLOOKUP($B27,INDIRECT($D27&"!$AG$1:$AY$66"),MATCH(H$1,INDIRECT($D27&"!$AG$1:$AY$1"),0),0) -> 22 | I27: =VLOOKUP($B27,INDIRECT($D27&"!$AG$1:$AY$66"),MATCH(I$1,INDIRECT($D27&"!$AG$1:$AY$1"),0),0) -> 0 | J27: =VLOOKUP($B27,INDIRECT($D27&"!$AG$1:$AY$66"),MATCH(J$1,INDIRECT($D27&"!$AG$1:$AY$1"),0),0) -> 0 | K27: =VLOOKUP($B27,INDIRECT($D27&"!$AG$1:$AY$66"),MATCH(K$1,INDIRECT($D27&"!$AG$1:$AY$1"),0),0) -> 0 | L27: =VLOOKUP($B27,INDIRECT($D27&"!$AG$1:$AY$66"),MATCH(L$1,INDIRECT($D27&"!$AG$1:$AY$1"),0),0) -> 1 | M27: =VLOOKUP($B27,INDIRECT($D27&"!$AG$1:$AY$66"),MATCH(M$1,INDIRECT($D27&"!$AG$1:$AY$1"),0),0) -> 0 | N27: =VLOOKUP($B27,INDIRECT($D27&"!$AG$1:$AY$66"),MATCH(N$1,INDIRECT($D27&"!$AG$1:$AY$1"),0),0) -> 0 | ... V27: =VLOOKUP($B27,INDIRECT($D27&"!$AG$1:$AY$66"),MATCH(V$1,INDIRECT($D27&"!$AG$1:$AY$1"),0),0) -> 0 | W27: =VLOOKUP($B27,INDIRECT($D27&"!$AG$1:$AY$66"),MATCH(W$2,INDIRECT($D27&"!$AG$1:$AY$1"),0),0) -> 0 | X27: =VLOOKUP($B27,INDIRECT($D27&"!$AG$1:$AY$66"),MATCH(X$1,INDIRECT($D27&"!$AG$1:$AY$1"),0),0) -> 事假 8小时(04/24 09:00-04/24 18:30)，30日离职
A28: 7497931856088727553 | B28: 李彩花 | C28: 4 | D28: 深圳 | E28: 事业二部/项目二部 | F28: 45486 | G28: =VLOOKUP($B28,INDIRECT($D28&"!$AG$1:$AY$66"),MATCH(G$1,INDIRECT($D28&"!$AG$1:$AY$1"),0),0) -> 24 | H28: =VLOOKUP($B28,INDIRECT($D28&"!$AG$1:$AY$66"),MATCH(H$1,INDIRECT($D28&"!$AG$1:$AY$1"),0),0) -> 22 | I28: =VLOOKUP($B28,INDIRECT($D28&"!$AG$1:$AY$66"),MATCH(I$1,INDIRECT($D28&"!$AG$1:$AY$1"),0),0) -> 0 | J28: =VLOOKUP($B28,INDIRECT($D28&"!$AG$1:$AY$66"),MATCH(J$1,INDIRECT($D28&"!$AG$1:$AY$1"),0),0) -> 0 | K28: =VLOOKUP($B28,INDIRECT($D28&"!$AG$1:$AY$66"),MATCH(K$1,INDIRECT($D28&"!$AG$1:$AY$1"),0),0) -> 0 | L28: =VLOOKUP($B28,INDIRECT($D28&"!$AG$1:$AY$66"),MATCH(L$1,INDIRECT($D28&"!$AG$1:$AY$1"),0),0) -> 0 | M28: =VLOOKUP($B28,INDIRECT($D28&"!$AG$1:$AY$66"),MATCH(M$1,INDIRECT($D28&"!$AG$1:$AY$1"),0),0) -> 1 | N28: =VLOOKUP($B28,INDIRECT($D28&"!$AG$1:$AY$66"),MATCH(N$1,INDIRECT($D28&"!$AG$1:$AY$1"),0),0) -> 0 | ... V28: =VLOOKUP($B28,INDIRECT($D28&"!$AG$1:$AY$66"),MATCH(V$1,INDIRECT($D28&"!$AG$1:$AY$1"),0),0) -> 0 | W28: =VLOOKUP($B28,INDIRECT($D28&"!$AG$1:$AY$66"),MATCH(W$2,INDIRECT($D28&"!$AG$1:$AY$1"),0),0) -> 200 | X28: =VLOOKUP($B28,INDIRECT($D28&"!$AG$1:$AY$66"),MATCH(X$1,INDIRECT($D28&"!$AG$1:$AY$1"),0),0) -> 全勤，年假 8小时(04/22 09:00-04/22 18:30)
A29: 7494099716294082564 | B29: 张雅丽 | C29: 4 | D29: 深圳 | E29: 事业二部/项目五部 | F29: 43577 | G29: =VLOOKUP($B29,INDIRECT($D29&"!$AG$1:$AY$66"),MATCH(G$1,INDIRECT($D29&"!$AG$1:$AY$1"),0),0) -> 24 | H29: =VLOOKUP($B29,INDIRECT($D29&"!$AG$1:$AY$66"),MATCH(H$1,INDIRECT($D29&"!$AG$1:$AY$1"),0),0) -> 22 | I29: =VLOOKUP($B29,INDIRECT($D29&"!$AG$1:$AY$66"),MATCH(I$1,INDIRECT($D29&"!$AG$1:$AY$1"),0),0) -> 0 | J29: =VLOOKUP($B29,INDIRECT($D29&"!$AG$1:$AY$66"),MATCH(J$1,INDIRECT($D29&"!$AG$1:$AY$1"),0),0) -> 0 | K29: =VLOOKUP($B29,INDIRECT($D29&"!$AG$1:$AY$66"),MATCH(K$1,INDIRECT($D29&"!$AG$1:$AY$1"),0),0) -> 0 | L29: =VLOOKUP($B29,INDIRECT($D29&"!$AG$1:$AY$66"),MATCH(L$1,INDIRECT($D29&"!$AG$1:$AY$1"),0),0) -> 0 | M29: =VLOOKUP($B29,INDIRECT($D29&"!$AG$1:$AY$66"),MATCH(M$1,INDIRECT($D29&"!$AG$1:$AY$1"),0),0) -> 1 | N29: =VLOOKUP($B29,INDIRECT($D29&"!$AG$1:$AY$66"),MATCH(N$1,INDIRECT($D29&"!$AG$1:$AY$1"),0),0) -> 0 | ... V29: =VLOOKUP($B29,INDIRECT($D29&"!$AG$1:$AY$66"),MATCH(V$1,INDIRECT($D29&"!$AG$1:$AY$1"),0),0) -> 0 | W29: =VLOOKUP($B29,INDIRECT($D29&"!$AG$1:$AY$66"),MATCH(W$2,INDIRECT($D29&"!$AG$1:$AY$1"),0),0) -> 200 | X29: =VLOOKUP($B29,INDIRECT($D29&"!$AG$1:$AY$66"),MATCH(X$1,INDIRECT($D29&"!$AG$1:$AY$1"),0),0) -> 全勤，年假 8小时(04/20 09:00-04/20 18:30)
A30: 7503732576948797444 | B30: 范婷 | C30: 4 | D30: 深圳 | E30: 事业二部/项目五部 | F30: 45627 | G30: =VLOOKUP($B30,INDIRECT($D30&"!$AG$1:$AY$66"),MATCH(G$1,INDIRECT($D30&"!$AG$1:$AY$1"),0),0) -> 24 | H30: =VLOOKUP($B30,INDIRECT($D30&"!$AG$1:$AY$66"),MATCH(H$1,INDIRECT($D30&"!$AG$1:$AY$1"),0),0) -> 0 | I30: =VLOOKUP($B30,INDIRECT($D30&"!$AG$1:$AY$66"),MATCH(I$1,INDIRECT($D30&"!$AG$1:$AY$1"),0),0) -> 0 | J30: =VLOOKUP($B30,INDIRECT($D30&"!$AG$1:$AY$66"),MATCH(J$1,INDIRECT($D30&"!$AG$1:$AY$1"),0),0) -> 0 | K30: =VLOOKUP($B30,INDIRECT($D30&"!$AG$1:$AY$66"),MATCH(K$1,INDIRECT($D30&"!$AG$1:$AY$1"),0),0) -> 0 | L30: =VLOOKUP($B30,INDIRECT($D30&"!$AG$1:$AY$66"),MATCH(L$1,INDIRECT($D30&"!$AG$1:$AY$1"),0),0) -> 0 | M30: =VLOOKUP($B30,INDIRECT($D30&"!$AG$1:$AY$66"),MATCH(M$1,INDIRECT($D30&"!$AG$1:$AY$1"),0),0) -> 0 | N30: =VLOOKUP($B30,INDIRECT($D30&"!$AG$1:$AY$66"),MATCH(N$1,INDIRECT($D30&"!$AG$1:$AY$1"),0),0) -> 0 | ... V30: =VLOOKUP($B30,INDIRECT($D30&"!$AG$1:$AY$66"),MATCH(V$1,INDIRECT($D30&"!$AG$1:$AY$1"),0),0) -> 0 | W30: =VLOOKUP($B30,INDIRECT($D30&"!$AG$1:$AY$66"),MATCH(W$2,INDIRECT($D30&"!$AG$1:$AY$1"),0),0) -> 0 | X30: =VLOOKUP($B30,INDIRECT($D30&"!$AG$1:$AY$66"),MATCH(X$1,INDIRECT($D30&"!$AG$1:$AY$1"),0),0) -> 产假 178天(01/05 上午-07/01 下午)
A31: 7497916191278645251 | B31: 张芮 | C31: 4 | D31: 深圳 | E31: 事业二部/项目五部 | F31: 45901 | G31: =VLOOKUP($B31,INDIRECT($D31&"!$AG$1:$AY$66"),MATCH(G$1,INDIRECT($D31&"!$AG$1:$AY$1"),0),0) -> 24 | H31: =VLOOKUP($B31,INDIRECT($D31&"!$AG$1:$AY$66"),MATCH(H$1,INDIRECT($D31&"!$AG$1:$AY$1"),0),0) -> 23 | I31: =VLOOKUP($B31,INDIRECT($D31&"!$AG$1:$AY$66"),MATCH(I$1,INDIRECT($D31&"!$AG$1:$AY$1"),0),0) -> 0 | J31: =VLOOKUP($B31,INDIRECT($D31&"!$AG$1:$AY$66"),MATCH(J$1,INDIRECT($D31&"!$AG$1:$AY$1"),0),0) -> 0 | K31: =VLOOKUP($B31,INDIRECT($D31&"!$AG$1:$AY$66"),MATCH(K$1,INDIRECT($D31&"!$AG$1:$AY$1"),0),0) -> 0 | L31: =VLOOKUP($B31,INDIRECT($D31&"!$AG$1:$AY$66"),MATCH(L$1,INDIRECT($D31&"!$AG$1:$AY$1"),0),0) -> 0 | M31: =VLOOKUP($B31,INDIRECT($D31&"!$AG$1:$AY$66"),MATCH(M$1,INDIRECT($D31&"!$AG$1:$AY$1"),0),0) -> 0 | N31: =VLOOKUP($B31,INDIRECT($D31&"!$AG$1:$AY$66"),MATCH(N$1,INDIRECT($D31&"!$AG$1:$AY$1"),0),0) -> 0 | ... V31: =VLOOKUP($B31,INDIRECT($D31&"!$AG$1:$AY$66"),MATCH(V$1,INDIRECT($D31&"!$AG$1:$AY$1"),0),0) -> 0 | W31: =VLOOKUP($B31,INDIRECT($D31&"!$AG$1:$AY$66"),MATCH(W$2,INDIRECT($D31&"!$AG$1:$AY$1"),0),0) -> 200 | X31: =VLOOKUP($B31,INDIRECT($D31&"!$AG$1:$AY$66"),MATCH(X$1,INDIRECT($D31&"!$AG$1:$AY$1"),0),0) -> 全勤
A32: 7539724651969773596 | B32: 杨琴 | C32: 4 | D32: 深圳 | E32: 事业二部/项目五部 | F32: 46071 | G32: =VLOOKUP($B32,INDIRECT($D32&"!$AG$1:$AY$66"),MATCH(G$1,INDIRECT($D32&"!$AG$1:$AY$1"),0),0) -> 24 | H32: =VLOOKUP($B32,INDIRECT($D32&"!$AG$1:$AY$66"),MATCH(H$1,INDIRECT($D32&"!$AG$1:$AY$1"),0),0) -> 19 | I32: =VLOOKUP($B32,INDIRECT($D32&"!$AG$1:$AY$66"),MATCH(I$1,INDIRECT($D32&"!$AG$1:$AY$1"),0),0) -> 10 | J32: =VLOOKUP($B32,INDIRECT($D32&"!$AG$1:$AY$66"),MATCH(J$1,INDIRECT($D32&"!$AG$1:$AY$1"),0),0) -> 1 | K32: =VLOOKUP($B32,INDIRECT($D32&"!$AG$1:$AY$66"),MATCH(K$1,INDIRECT($D32&"!$AG$1:$AY$1"),0),0) -> 0 | L32: =VLOOKUP($B32,INDIRECT($D32&"!$AG$1:$AY$66"),MATCH(L$1,INDIRECT($D32&"!$AG$1:$AY$1"),0),0) -> 0 | M32: =VLOOKUP($B32,INDIRECT($D32&"!$AG$1:$AY$66"),MATCH(M$1,INDIRECT($D32&"!$AG$1:$AY$1"),0),0) -> 0 | N32: =VLOOKUP($B32,INDIRECT($D32&"!$AG$1:$AY$66"),MATCH(N$1,INDIRECT($D32&"!$AG$1:$AY$1"),0),0) -> 4 | ... V32: =VLOOKUP($B32,INDIRECT($D32&"!$AG$1:$AY$66"),MATCH(V$1,INDIRECT($D32&"!$AG$1:$AY$1"),0),0) -> 0 | W32: =VLOOKUP($B32,INDIRECT($D32&"!$AG$1:$AY$66"),MATCH(W$2,INDIRECT($D32&"!$AG$1:$AY$1"),0),0) -> 0 | X32: =VLOOKUP($B32,INDIRECT($D32&"!$AG$1:$AY$66"),MATCH(X$1,INDIRECT($D32&"!$AG$1:$AY$1"),0),0) -> 病假 32小时(04/01 09:00-04/04 18:30)，缺卡1次，迟到2次共10分钟
A33: 7559020197085511682 | B33: 文奕凡 | C33: 4 | D33: 深圳 | E33: 事业二部/项目二部 | F33: 46121 | G33: =VLOOKUP($B33,INDIRECT($D33&"!$AG$1:$AY$66"),MATCH(G$1,INDIRECT($D33&"!$AG$1:$AY$1"),0),0) -> 24 | H33: =VLOOKUP($B33,INDIRECT($D33&"!$AG$1:$AY$66"),MATCH(H$1,INDIRECT($D33&"!$AG$1:$AY$1"),0),0) -> 22 | I33: =VLOOKUP($B33,INDIRECT($D33&"!$AG$1:$AY$66"),MATCH(I$1,INDIRECT($D33&"!$AG$1:$AY$1"),0),0) -> 4 | J33: =VLOOKUP($B33,INDIRECT($D33&"!$AG$1:$AY$66"),MATCH(J$1,INDIRECT($D33&"!$AG$1:$AY$1"),0),0) -> 0 | K33: =VLOOKUP($B33,INDIRECT($D33&"!$AG$1:$AY$66"),MATCH(K$1,INDIRECT($D33&"!$AG$1:$AY$1"),0),0) -> 0 | L33: =VLOOKUP($B33,INDIRECT($D33&"!$AG$1:$AY$66"),MATCH(L$1,INDIRECT($D33&"!$AG$1:$AY$1"),0),0) -> 0 | M33: =VLOOKUP($B33,INDIRECT($D33&"!$AG$1:$AY$66"),MATCH(M$1,INDIRECT($D33&"!$AG$1:$AY$1"),0),0) -> 0 | N33: =VLOOKUP($B33,INDIRECT($D33&"!$AG$1:$AY$66"),MATCH(N$1,INDIRECT($D33&"!$AG$1:$AY$1"),0),0) -> 1 | ... V33: =VLOOKUP($B33,INDIRECT($D33&"!$AG$1:$AY$66"),MATCH(V$1,INDIRECT($D33&"!$AG$1:$AY$1"),0),0) -> 0 | W33: =VLOOKUP($B33,INDIRECT($D33&"!$AG$1:$AY$66"),MATCH(W$2,INDIRECT($D33&"!$AG$1:$AY$1"),0),0) -> 0 | X33: =VLOOKUP($B33,INDIRECT($D33&"!$AG$1:$AY$66"),MATCH(X$1,INDIRECT($D33&"!$AG$1:$AY$1"),0),0) -> 病假 8小时(04/21 09:00-04/21 18:30)，迟到3次共4分钟
A34: 7497922022561366020 | B34: 陈晓波 | C34: 4 | D34: 深圳 | E34: 事业六部/项目六部 | F34: 42705 | G34: =VLOOKUP($B34,INDIRECT($D34&"!$AG$1:$AY$66"),MATCH(G$1,INDIRECT($D34&"!$AG$1:$AY$1"),0),0) -> 24 | H34: =VLOOKUP($B34,INDIRECT($D34&"!$AG$1:$AY$66"),MATCH(H$1,INDIRECT($D34&"!$AG$1:$AY$1"),0),0) -> 22.44 | I34: =VLOOKUP($B34,INDIRECT($D34&"!$AG$1:$AY$66"),MATCH(I$1,INDIRECT($D34&"!$AG$1:$AY$1"),0),0) -> 0 | J34: =VLOOKUP($B34,INDIRECT($D34&"!$AG$1:$AY$66"),MATCH(J$1,INDIRECT($D34&"!$AG$1:$AY$1"),0),0) -> 0 | K34: =VLOOKUP($B34,INDIRECT($D34&"!$AG$1:$AY$66"),MATCH(K$1,INDIRECT($D34&"!$AG$1:$AY$1"),0),0) -> 0 | L34: =VLOOKUP($B34,INDIRECT($D34&"!$AG$1:$AY$66"),MATCH(L$1,INDIRECT($D34&"!$AG$1:$AY$1"),0),0) -> 0 | M34: =VLOOKUP($B34,INDIRECT($D34&"!$AG$1:$AY$66"),MATCH(M$1,INDIRECT($D34&"!$AG$1:$AY$1"),0),0) -> 0.56 | N34: =VLOOKUP($B34,INDIRECT($D34&"!$AG$1:$AY$66"),MATCH(N$1,INDIRECT($D34&"!$AG$1:$AY$1"),0),0) -> 0 | ... V34: =VLOOKUP($B34,INDIRECT($D34&"!$AG$1:$AY$66"),MATCH(V$1,INDIRECT($D34&"!$AG$1:$AY$1"),0),0) -> 0 | W34: =VLOOKUP($B34,INDIRECT($D34&"!$AG$1:$AY$66"),MATCH(W$2,INDIRECT($D34&"!$AG$1:$AY$1"),0),0) -> 200 | X34: =VLOOKUP($B34,INDIRECT($D34&"!$AG$1:$AY$66"),MATCH(X$1,INDIRECT($D34&"!$AG$1:$AY$1"),0),0) -> 全勤，年假 4.5小时(04/17 14:00-04/17 18:30)
A35: 7497920080774873107 | B35: 卢丹婷 | C35: 4 | D35: 深圳 | E35: 事业六部/项目六部 | F35: 43739 | G35: =VLOOKUP($B35,INDIRECT($D35&"!$AG$1:$AY$66"),MATCH(G$1,INDIRECT($D35&"!$AG$1:$AY$1"),0),0) -> 24 | H35: =VLOOKUP($B35,INDIRECT($D35&"!$AG$1:$AY$66"),MATCH(H$1,INDIRECT($D35&"!$AG$1:$AY$1"),0),0) -> 22.44 | I35: =VLOOKUP($B35,INDIRECT($D35&"!$AG$1:$AY$66"),MATCH(I$1,INDIRECT($D35&"!$AG$1:$AY$1"),0),0) -> 0 | J35: =VLOOKUP($B35,INDIRECT($D35&"!$AG$1:$AY$66"),MATCH(J$1,INDIRECT($D35&"!$AG$1:$AY$1"),0),0) -> 0 | K35: =VLOOKUP($B35,INDIRECT($D35&"!$AG$1:$AY$66"),MATCH(K$1,INDIRECT($D35&"!$AG$1:$AY$1"),0),0) -> 0 | L35: =VLOOKUP($B35,INDIRECT($D35&"!$AG$1:$AY$66"),MATCH(L$1,INDIRECT($D35&"!$AG$1:$AY$1"),0),0) -> 0 | M35: =VLOOKUP($B35,INDIRECT($D35&"!$AG$1:$AY$66"),MATCH(M$1,INDIRECT($D35&"!$AG$1:$AY$1"),0),0) -> 0.56 | N35: =VLOOKUP($B35,INDIRECT($D35&"!$AG$1:$AY$66"),MATCH(N$1,INDIRECT($D35&"!$AG$1:$AY$1"),0),0) -> 0 | ... V35: =VLOOKUP($B35,INDIRECT($D35&"!$AG$1:$AY$66"),MATCH(V$1,INDIRECT($D35&"!$AG$1:$AY$1"),0),0) -> 0 | W35: =VLOOKUP($B35,INDIRECT($D35&"!$AG$1:$AY$66"),MATCH(W$2,INDIRECT($D35&"!$AG$1:$AY$1"),0),0) -> 200 | X35: =VLOOKUP($B35,INDIRECT($D35&"!$AG$1:$AY$66"),MATCH(X$1,INDIRECT($D35&"!$AG$1:$AY$1"),0),0) -> 全勤，年假 4.5小时(04/17 14:00-04/17 18:30)
... A49: 7497916813032767507 | B49: 陈丹敏 | C49: 4 | D49: 深圳 | E49: 事业四部/项目一部/精品一部 | F49: 44348 | G49: =VLOOKUP($B49,INDIRECT($D49&"!$AG$1:$AY$66"),MATCH(G$1,INDIRECT($D49&"!$AG$1:$AY$1"),0),0) -> 24 | H49: =VLOOKUP($B49,INDIRECT($D49&"!$AG$1:$AY$66"),MATCH(H$1,INDIRECT($D49&"!$AG$1:$AY$1"),0),0) -> 22.56 | I49: =VLOOKUP($B49,INDIRECT($D49&"!$AG$1:$AY$66"),MATCH(I$1,INDIRECT($D49&"!$AG$1:$AY$1"),0),0) -> 0 | J49: =VLOOKUP($B49,INDIRECT($D49&"!$AG$1:$AY$66"),MATCH(J$1,INDIRECT($D49&"!$AG$1:$AY$1"),0),0) -> 0 | K49: =VLOOKUP($B49,INDIRECT($D49&"!$AG$1:$AY$66"),MATCH(K$1,INDIRECT($D49&"!$AG$1:$AY$1"),0),0) -> 0 | L49: =VLOOKUP($B49,INDIRECT($D49&"!$AG$1:$AY$66"),MATCH(L$1,INDIRECT($D49&"!$AG$1:$AY$1"),0),0) -> 0 | M49: =VLOOKUP($B49,INDIRECT($D49&"!$AG$1:$AY$66"),MATCH(M$1,INDIRECT($D49&"!$AG$1:$AY$1"),0),0) -> 0.44 | N49: =VLOOKUP($B49,INDIRECT($D49&"!$AG$1:$AY$66"),MATCH(N$1,INDIRECT($D49&"!$AG$1:$AY$1"),0),0) -> 0 | ... V49: =VLOOKUP($B49,INDIRECT($D49&"!$AG$1:$AY$66"),MATCH(V$1,INDIRECT($D49&"!$AG$1:$AY$1"),0),0) -> 0 | W49: =VLOOKUP($B49,INDIRECT($D49&"!$AG$1:$AY$66"),MATCH(W$2,INDIRECT($D49&"!$AG$1:$AY$1"),0),0) -> 200 | X49: =VLOOKUP($B49,INDIRECT($D49&"!$AG$1:$AY$66"),MATCH(X$1,INDIRECT($D49&"!$AG$1:$AY$1"),0),0) -> 全勤，年假 3.5小时(04/28 09:00-04/28 12:30)
A50: 7596871279270071235 | B50: 姚源 | C50: 4 | D50: 深圳 | E50: 事业四部/项目一部/精品一部 | G50: =VLOOKUP($B50,INDIRECT($D50&"!$AG$1:$AY$66"),MATCH(G$1,INDIRECT($D50&"!$AG$1:$AY$1"),0),0) -> 24 | H50: =VLOOKUP($B50,INDIRECT($D50&"!$AG$1:$AY$66"),MATCH(H$1,INDIRECT($D50&"!$AG$1:$AY$1"),0),0) -> 23 | I50: =VLOOKUP($B50,INDIRECT($D50&"!$AG$1:$AY$66"),MATCH(I$1,INDIRECT($D50&"!$AG$1:$AY$1"),0),0) -> 0 | J50: =VLOOKUP($B50,INDIRECT($D50&"!$AG$1:$AY$66"),MATCH(J$1,INDIRECT($D50&"!$AG$1:$AY$1"),0),0) -> 0 | K50: =VLOOKUP($B50,INDIRECT($D50&"!$AG$1:$AY$66"),MATCH(K$1,INDIRECT($D50&"!$AG$1:$AY$1"),0),0) -> 0 | L50: =VLOOKUP($B50,INDIRECT($D50&"!$AG$1:$AY$66"),MATCH(L$1,INDIRECT($D50&"!$AG$1:$AY$1"),0),0) -> 0 | M50: =VLOOKUP($B50,INDIRECT($D50&"!$AG$1:$AY$66"),MATCH(M$1,INDIRECT($D50&"!$AG$1:$AY$1"),0),0) -> 0 | N50: =VLOOKUP($B50,INDIRECT($D50&"!$AG$1:$AY$66"),MATCH(N$1,INDIRECT($D50&"!$AG$1:$AY$1"),0),0) -> 0 | ... V50: =VLOOKUP($B50,INDIRECT($D50&"!$AG$1:$AY$66"),MATCH(V$1,INDIRECT($D50&"!$AG$1:$AY$1"),0),0) -> 0 | W50: =VLOOKUP($B50,INDIRECT($D50&"!$AG$1:$AY$66"),MATCH(W$2,INDIRECT($D50&"!$AG$1:$AY$1"),0),0) -> 200 | X50: =VLOOKUP($B50,INDIRECT($D50&"!$AG$1:$AY$66"),MATCH(X$1,INDIRECT($D50&"!$AG$1:$AY$1"),0),0) -> 全勤
A51: 7622851945419164882 | B51: 邓佳琪 | C51: 4 | D51: 深圳 | E51: 事业四部/项目一部/精品一部 | G51: =VLOOKUP($B51,INDIRECT($D51&"!$AG$1:$AY$66"),MATCH(G$1,INDIRECT($D51&"!$AG$1:$AY$1"),0),0) -> 24 | H51: =VLOOKUP($B51,INDIRECT($D51&"!$AG$1:$AY$66"),MATCH(H$1,INDIRECT($D51&"!$AG$1:$AY$1"),0),0) -> 23 | I51: =VLOOKUP($B51,INDIRECT($D51&"!$AG$1:$AY$66"),MATCH(I$1,INDIRECT($D51&"!$AG$1:$AY$1"),0),0) -> 0 | J51: =VLOOKUP($B51,INDIRECT($D51&"!$AG$1:$AY$66"),MATCH(J$1,INDIRECT($D51&"!$AG$1:$AY$1"),0),0) -> 0 | K51: =VLOOKUP($B51,INDIRECT($D51&"!$AG$1:$AY$66"),MATCH(K$1,INDIRECT($D51&"!$AG$1:$AY$1"),0),0) -> 0 | L51: =VLOOKUP($B51,INDIRECT($D51&"!$AG$1:$AY$66"),MATCH(L$1,INDIRECT($D51&"!$AG$1:$AY$1"),0),0) -> 0 | M51: =VLOOKUP($B51,INDIRECT($D51&"!$AG$1:$AY$66"),MATCH(M$1,INDIRECT($D51&"!$AG$1:$AY$1"),0),0) -> 0 | N51: =VLOOKUP($B51,INDIRECT($D51&"!$AG$1:$AY$66"),MATCH(N$1,INDIRECT($D51&"!$AG$1:$AY$1"),0),0) -> 0 | ... V51: =VLOOKUP($B51,INDIRECT($D51&"!$AG$1:$AY$66"),MATCH(V$1,INDIRECT($D51&"!$AG$1:$AY$1"),0),0) -> 0 | W51: =VLOOKUP($B51,INDIRECT($D51&"!$AG$1:$AY$66"),MATCH(W$2,INDIRECT($D51&"!$AG$1:$AY$1"),0),0) -> 200 | X51: =VLOOKUP($B51,INDIRECT($D51&"!$AG$1:$AY$66"),MATCH(X$1,INDIRECT($D51&"!$AG$1:$AY$1"),0),0) -> 全勤
A52: 7514862711000760323 | B52: 邝碧琪 | C52: 4 | D52: 深圳 | E52: 事业三部/项目八部 | F52: 45881 | G52: =VLOOKUP($B52,INDIRECT($D52&"!$AG$1:$AY$66"),MATCH(G$1,INDIRECT($D52&"!$AG$1:$AY$1"),0),0) -> 24 | H52: =VLOOKUP($B52,INDIRECT($D52&"!$AG$1:$AY$66"),MATCH(H$1,INDIRECT($D52&"!$AG$1:$AY$1"),0),0) -> 23 | I52: =VLOOKUP($B52,INDIRECT($D52&"!$AG$1:$AY$66"),MATCH(I$1,INDIRECT($D52&"!$AG$1:$AY$1"),0),0) -> 0 | J52: =VLOOKUP($B52,INDIRECT($D52&"!$AG$1:$AY$66"),MATCH(J$1,INDIRECT($D52&"!$AG$1:$AY$1"),0),0) -> 0 | K52: =VLOOKUP($B52,INDIRECT($D52&"!$AG$1:$AY$66"),MATCH(K$1,INDIRECT($D52&"!$AG$1:$AY$1"),0),0) -> 0 | L52: =VLOOKUP($B52,INDIRECT($D52&"!$AG$1:$AY$66"),MATCH(L$1,INDIRECT($D52&"!$AG$1:$AY$1"),0),0) -> 0 | M52: =VLOOKUP($B52,INDIRECT($D52&"!$AG$1:$AY$66"),MATCH(M$1,INDIRECT($D52&"!$AG$1:$AY$1"),0),0) -> 0 | N52: =VLOOKUP($B52,INDIRECT($D52&"!$AG$1:$AY$66"),MATCH(N$1,INDIRECT($D52&"!$AG$1:$AY$1"),0),0) -> 0 | ... V52: =VLOOKUP($B52,INDIRECT($D52&"!$AG$1:$AY$66"),MATCH(V$1,INDIRECT($D52&"!$AG$1:$AY$1"),0),0) -> 0 | W52: =VLOOKUP($B52,INDIRECT($D52&"!$AG$1:$AY$66"),MATCH(W$2,INDIRECT($D52&"!$AG$1:$AY$1"),0),0) -> 200 | X52: =VLOOKUP($B52,INDIRECT($D52&"!$AG$1:$AY$66"),MATCH(X$1,INDIRECT($D52&"!$AG$1:$AY$1"),0),0) -> 全勤
A53: 7494113373470556162 | B53: 彭志荣 | C53: 4 | D53: 仓库 | E53: 仓储部FBA | F53: 44546 | G53: =VLOOKUP($B53,INDIRECT($D53&"!$AG$1:$AY$66"),MATCH(G$1,INDIRECT($D53&"!$AG$1:$AY$1"),0),0) -> 24 | H53: =VLOOKUP($B53,INDIRECT($D53&"!$AG$1:$AY$66"),MATCH(H$1,INDIRECT($D53&"!$AG$1:$AY$1"),0),0) -> 23 | I53: =VLOOKUP($B53,INDIRECT($D53&"!$AG$1:$AY$66"),MATCH(I$1,INDIRECT($D53&"!$AG$1:$AY$1"),0),0) -> 0 | J53: =VLOOKUP($B53,INDIRECT($D53&"!$AG$1:$AY$66"),MATCH(J$1,INDIRECT($D53&"!$AG$1:$AY$1"),0),0) -> 0 | K53: =VLOOKUP($B53,INDIRECT($D53&"!$AG$1:$AY$66"),MATCH(K$1,INDIRECT($D53&"!$AG$1:$AY$1"),0),0) -> 0 | L53: =VLOOKUP($B53,INDIRECT($D53&"!$AG$1:$AY$66"),MATCH(L$1,INDIRECT($D53&"!$AG$1:$AY$1"),0),0) -> 0 | M53: =VLOOKUP($B53,INDIRECT($D53&"!$AG$1:$AY$66"),MATCH(M$1,INDIRECT($D53&"!$AG$1:$AY$1"),0),0) -> 0 | N53: =VLOOKUP($B53,INDIRECT($D53&"!$AG$1:$AY$66"),MATCH(N$1,INDIRECT($D53&"!$AG$1:$AY$1"),0),0) -> 0 | ... V53: =VLOOKUP($B53,INDIRECT($D53&"!$AG$1:$AY$66"),MATCH(V$1,INDIRECT($D53&"!$AG$1:$AY$1"),0),0) -> 0 | W53: =VLOOKUP($B53,INDIRECT($D53&"!$AG$1:$AY$66"),MATCH(W$2,INDIRECT($D53&"!$AG$1:$AY$1"),0),0) -> 200 | X53: =VLOOKUP($B53,INDIRECT($D53&"!$AG$1:$AY$66"),MATCH(X$1,INDIRECT($D53&"!$AG$1:$AY$1"),0),0) -> 全勤
A54: 7494105206495477788 | B54: 农青华 | C54: 4 | D54: 仓库 | E54: 仓储部FBA | F54: 43034 | G54: =VLOOKUP($B54,INDIRECT($D54&"!$AG$1:$AY$66"),MATCH(G$1,INDIRECT($D54&"!$AG$1:$AY$1"),0),0) -> 24 | H54: =VLOOKUP($B54,INDIRECT($D54&"!$AG$1:$AY$66"),MATCH(H$1,INDIRECT($D54&"!$AG$1:$AY$1"),0),0) -> 23 | I54: =VLOOKUP($B54,INDIRECT($D54&"!$AG$1:$AY$66"),MATCH(I$1,INDIRECT($D54&"!$AG$1:$AY$1"),0),0) -> 0 | J54: =VLOOKUP($B54,INDIRECT($D54&"!$AG$1:$AY$66"),MATCH(J$1,INDIRECT($D54&"!$AG$1:$AY$1"),0),0) -> 0 | K54: =VLOOKUP($B54,INDIRECT($D54&"!$AG$1:$AY$66"),MATCH(K$1,INDIRECT($D54&"!$AG$1:$AY$1"),0),0) -> 0 | L54: =VLOOKUP($B54,INDIRECT($D54&"!$AG$1:$AY$66"),MATCH(L$1,INDIRECT($D54&"!$AG$1:$AY$1"),0),0) -> 0 | M54: =VLOOKUP($B54,INDIRECT($D54&"!$AG$1:$AY$66"),MATCH(M$1,INDIRECT($D54&"!$AG$1:$AY$1"),0),0) -> 0 | N54: =VLOOKUP($B54,INDIRECT($D54&"!$AG$1:$AY$66"),MATCH(N$1,INDIRECT($D54&"!$AG$1:$AY$1"),0),0) -> 0 | ... V54: =VLOOKUP($B54,INDIRECT($D54&"!$AG$1:$AY$66"),MATCH(V$1,INDIRECT($D54&"!$AG$1:$AY$1"),0),0) -> 0 | W54: =VLOOKUP($B54,INDIRECT($D54&"!$AG$1:$AY$66"),MATCH(W$2,INDIRECT($D54&"!$AG$1:$AY$1"),0),0) -> 200 | X54: =VLOOKUP($B54,INDIRECT($D54&"!$AG$1:$AY$66"),MATCH(X$1,INDIRECT($D54&"!$AG$1:$AY$1"),0),0) -> 全勤
A55: 7494100138596646931 | B55: 刘茜 | C55: 4 | D55: 仓库 | E55: 仓储部FBM | F55: 44587 | G55: =VLOOKUP($B55,INDIRECT($D55&"!$AG$1:$AY$66"),MATCH(G$1,INDIRECT($D55&"!$AG$1:$AY$1"),0),0) -> 24 | H55: =VLOOKUP($B55,INDIRECT($D55&"!$AG$1:$AY$66"),MATCH(H$1,INDIRECT($D55&"!$AG$1:$AY$1"),0),0) -> 22.37 | I55: =VLOOKUP($B55,INDIRECT($D55&"!$AG$1:$AY$66"),MATCH(I$1,INDIRECT($D55&"!$AG$1:$AY$1"),0),0) -> 0 | J55: =VLOOKUP($B55,INDIRECT($D55&"!$AG$1:$AY$66"),MATCH(J$1,INDIRECT($D55&"!$AG$1:$AY$1"),0),0) -> 0 | K55: =VLOOKUP($B55,INDIRECT($D55&"!$AG$1:$AY$66"),MATCH(K$1,INDIRECT($D55&"!$AG$1:$AY$1"),0),0) -> 0 | L55: =VLOOKUP($B55,INDIRECT($D55&"!$AG$1:$AY$66"),MATCH(L$1,INDIRECT($D55&"!$AG$1:$AY$1"),0),0) -> 0 | M55: =VLOOKUP($B55,INDIRECT($D55&"!$AG$1:$AY$66"),MATCH(M$1,INDIRECT($D55&"!$AG$1:$AY$1"),0),0) -> 0.63 | N55: =VLOOKUP($B55,INDIRECT($D55&"!$AG$1:$AY$66"),MATCH(N$1,INDIRECT($D55&"!$AG$1:$AY$1"),0),0) -> 0 | ... V55: =VLOOKUP($B55,INDIRECT($D55&"!$AG$1:$AY$66"),MATCH(V$1,INDIRECT($D55&"!$AG$1:$AY$1"),0),0) -> 0 | W55: =VLOOKUP($B55,INDIRECT($D55&"!$AG$1:$AY$66"),MATCH(W$2,INDIRECT($D55&"!$AG$1:$AY$1"),0),0) -> 200 | X55: =VLOOKUP($B55,INDIRECT($D55&"!$AG$1:$AY$66"),MATCH(X$1,INDIRECT($D55&"!$AG$1:$AY$1"),0),0) -> 全勤，年假 5小时(04/15 13:30-04/15 18:30)
A56: 7494121018686488577 | B56: 樊莉莉 | C56: 4 | D56: 仓库 | E56: 仓储部FBM | F56: 43082 | G56: =VLOOKUP($B56,INDIRECT($D56&"!$AG$1:$AY$66"),MATCH(G$1,INDIRECT($D56&"!$AG$1:$AY$1"),0),0) -> 24 | H56: =VLOOKUP($B56,INDIRECT($D56&"!$AG$1:$AY$66"),MATCH(H$1,INDIRECT($D56&"!$AG$1:$AY$1"),0),0) -> 23 | I56: =VLOOKUP($B56,INDIRECT($D56&"!$AG$1:$AY$66"),MATCH(I$1,INDIRECT($D56&"!$AG$1:$AY$1"),0),0) -> 0 | J56: =VLOOKUP($B56,INDIRECT($D56&"!$AG$1:$AY$66"),MATCH(J$1,INDIRECT($D56&"!$AG$1:$AY$1"),0),0) -> 0 | K56: =VLOOKUP($B56,INDIRECT($D56&"!$AG$1:$AY$66"),MATCH(K$1,INDIRECT($D56&"!$AG$1:$AY$1"),0),0) -> 0 | L56: =VLOOKUP($B56,INDIRECT($D56&"!$AG$1:$AY$66"),MATCH(L$1,INDIRECT($D56&"!$AG$1:$AY$1"),0),0) -> 0 | M56: =VLOOKUP($B56,INDIRECT($D56&"!$AG$1:$AY$66"),MATCH(M$1,INDIRECT($D56&"!$AG$1:$AY$1"),0),0) -> 0 | N56: =VLOOKUP($B56,INDIRECT($D56&"!$AG$1:$AY$66"),MATCH(N$1,INDIRECT($D56&"!$AG$1:$AY$1"),0),0) -> 0 | ... V56: =VLOOKUP($B56,INDIRECT($D56&"!$AG$1:$AY$66"),MATCH(V$1,INDIRECT($D56&"!$AG$1:$AY$1"),0),0) -> 0 | W56: =VLOOKUP($B56,INDIRECT($D56&"!$AG$1:$AY$66"),MATCH(W$2,INDIRECT($D56&"!$AG$1:$AY$1"),0),0) -> 200 | X56: =VLOOKUP($B56,INDIRECT($D56&"!$AG$1:$AY$66"),MATCH(X$1,INDIRECT($D56&"!$AG$1:$AY$1"),0),0) -> 全勤
A57: 7501520647701790739 | B57: 黄欣 | C57: 4 | D57: 仓库 | E57: 仓储部FBM | F57: 44633 | G57: =VLOOKUP($B57,INDIRECT($D57&"!$AG$1:$AY$66"),MATCH(G$1,INDIRECT($D57&"!$AG$1:$AY$1"),0),0) -> 24 | H57: =VLOOKUP($B57,INDIRECT($D57&"!$AG$1:$AY$66"),MATCH(H$1,INDIRECT($D57&"!$AG$1:$AY$1"),0),0) -> 23 | I57: =VLOOKUP($B57,INDIRECT($D57&"!$AG$1:$AY$66"),MATCH(I$1,INDIRECT($D57&"!$AG$1:$AY$1"),0),0) -> 0 | J57: =VLOOKUP($B57,INDIRECT($D57&"!$AG$1:$AY$66"),MATCH(J$1,INDIRECT($D57&"!$AG$1:$AY$1"),0),0) -> 0 | K57: =VLOOKUP($B57,INDIRECT($D57&"!$AG$1:$AY$66"),MATCH(K$1,INDIRECT($D57&"!$AG$1:$AY$1"),0),0) -> 0 | L57: =VLOOKUP($B57,INDIRECT($D57&"!$AG$1:$AY$66"),MATCH(L$1,INDIRECT($D57&"!$AG$1:$AY$1"),0),0) -> 0 | M57: =VLOOKUP($B57,INDIRECT($D57&"!$AG$1:$AY$66"),MATCH(M$1,INDIRECT($D57&"!$AG$1:$AY$1"),0),0) -> 0 | N57: =VLOOKUP($B57,INDIRECT($D57&"!$AG$1:$AY$66"),MATCH(N$1,INDIRECT($D57&"!$AG$1:$AY$1"),0),0) -> 0 | ... V57: =VLOOKUP($B57,INDIRECT($D57&"!$AG$1:$AY$66"),MATCH(V$1,INDIRECT($D57&"!$AG$1:$AY$1"),0),0) -> 0 | W57: =VLOOKUP($B57,INDIRECT($D57&"!$AG$1:$AY$66"),MATCH(W$2,INDIRECT($D57&"!$AG$1:$AY$1"),0),0) -> 200 | X57: =VLOOKUP($B57,INDIRECT($D57&"!$AG$1:$AY$66"),MATCH(X$1,INDIRECT($D57&"!$AG$1:$AY$1"),0),0) -> 全勤
A58: 7494129230570242050 | B58: 林平安 | C58: 4 | D58: 仓库 | E58: 仓储部FBM | F58: 45192 | G58: =VLOOKUP($B58,INDIRECT($D58&"!$AG$1:$AY$66"),MATCH(G$1,INDIRECT($D58&"!$AG$1:$AY$1"),0),0) -> 24 | H58: =VLOOKUP($B58,INDIRECT($D58&"!$AG$1:$AY$66"),MATCH(H$1,INDIRECT($D58&"!$AG$1:$AY$1"),0),0) -> 22 | I58: =VLOOKUP($B58,INDIRECT($D58&"!$AG$1:$AY$66"),MATCH(I$1,INDIRECT($D58&"!$AG$1:$AY$1"),0),0) -> 0 | J58: =VLOOKUP($B58,INDIRECT($D58&"!$AG$1:$AY$66"),MATCH(J$1,INDIRECT($D58&"!$AG$1:$AY$1"),0),0) -> 0 | K58: =VLOOKUP($B58,INDIRECT($D58&"!$AG$1:$AY$66"),MATCH(K$1,INDIRECT($D58&"!$AG$1:$AY$1"),0),0) -> 0 | L58: =VLOOKUP($B58,INDIRECT($D58&"!$AG$1:$AY$66"),MATCH(L$1,INDIRECT($D58&"!$AG$1:$AY$1"),0),0) -> 1 | M58: =VLOOKUP($B58,INDIRECT($D58&"!$AG$1:$AY$66"),MATCH(M$1,INDIRECT($D58&"!$AG$1:$AY$1"),0),0) -> 0 | N58: =VLOOKUP($B58,INDIRECT($D58&"!$AG$1:$AY$66"),MATCH(N$1,INDIRECT($D58&"!$AG$1:$AY$1"),0),0) -> 0 | ... V58: =VLOOKUP($B58,INDIRECT($D58&"!$AG$1:$AY$66"),MATCH(V$1,INDIRECT($D58&"!$AG$1:$AY$1"),0),0) -> 0 | W58: =VLOOKUP($B58,INDIRECT($D58&"!$AG$1:$AY$66"),MATCH(W$2,INDIRECT($D58&"!$AG$1:$AY$1"),0),0) -> 0 | X58: =VLOOKUP($B58,INDIRECT($D58&"!$AG$1:$AY$66"),MATCH(X$1,INDIRECT($D58&"!$AG$1:$AY$1"),0),0) -> 事假 8小时(04/04 09:00-04/04 18:30)
A59: 7494108141807337476 | B59: 蓝凌云 | C59: 4 | D59: 仓库 | E59: 仓储部FBA | F59: 45230 | G59: =VLOOKUP($B59,INDIRECT($D59&"!$AG$1:$AY$66"),MATCH(G$1,INDIRECT($D59&"!$AG$1:$AY$1"),0),0) -> 24 | H59: =VLOOKUP($B59,INDIRECT($D59&"!$AG$1:$AY$66"),MATCH(H$1,INDIRECT($D59&"!$AG$1:$AY$1"),0),0) -> 21 | I59: =VLOOKUP($B59,INDIRECT($D59&"!$AG$1:$AY$66"),MATCH(I$1,INDIRECT($D59&"!$AG$1:$AY$1"),0),0) -> 0 | J59: =VLOOKUP($B59,INDIRECT($D59&"!$AG$1:$AY$66"),MATCH(J$1,INDIRECT($D59&"!$AG$1:$AY$1"),0),0) -> 0 | K59: =VLOOKUP($B59,INDIRECT($D59&"!$AG$1:$AY$66"),MATCH(K$1,INDIRECT($D59&"!$AG$1:$AY$1"),0),0) -> 0 | L59: =VLOOKUP($B59,INDIRECT($D59&"!$AG$1:$AY$66"),MATCH(L$1,INDIRECT($D59&"!$AG$1:$AY$1"),0),0) -> 0 | M59: =VLOOKUP($B59,INDIRECT($D59&"!$AG$1:$AY$66"),MATCH(M$1,INDIRECT($D59&"!$AG$1:$AY$1"),0),0) -> 2 | N59: =VLOOKUP($B59,INDIRECT($D59&"!$AG$1:$AY$66"),MATCH(N$1,INDIRECT($D59&"!$AG$1:$AY$1"),0),0) -> 0 | ... V59: =VLOOKUP($B59,INDIRECT($D59&"!$AG$1:$AY$66"),MATCH(V$1,INDIRECT($D59&"!$AG$1:$AY$1"),0),0) -> 0 | W59: =VLOOKUP($B59,INDIRECT($D59&"!$AG$1:$AY$66"),MATCH(W$2,INDIRECT($D59&"!$AG$1:$AY$1"),0),0) -> 200 | X59: =VLOOKUP($B59,INDIRECT($D59&"!$AG$1:$AY$66"),MATCH(X$1,INDIRECT($D59&"!$AG$1:$AY$1"),0),0) -> 全勤，年假 16小时(04/13 09:00-04/14 18:30)
A60: 7494107133399531524 | B60: 詹楚鑫 | C60: 4 | D60: 仓库 | E60: 仓储部FBM | F60: 44378 | G60: =VLOOKUP($B60,INDIRECT($D60&"!$AG$1:$AY$66"),MATCH(G$1,INDIRECT($D60&"!$AG$1:$AY$1"),0),0) -> 24 | H60: =VLOOKUP($B60,INDIRECT($D60&"!$AG$1:$AY$66"),MATCH(H$1,INDIRECT($D60&"!$AG$1:$AY$1"),0),0) -> 23 | I60: =VLOOKUP($B60,INDIRECT($D60&"!$AG$1:$AY$66"),MATCH(I$1,INDIRECT($D60&"!$AG$1:$AY$1"),0),0) -> 0 | J60: =VLOOKUP($B60,INDIRECT($D60&"!$AG$1:$AY$66"),MATCH(J$1,INDIRECT($D60&"!$AG$1:$AY$1"),0),0) -> 0 | K60: =VLOOKUP($B60,INDIRECT($D60&"!$AG$1:$AY$66"),MATCH(K$1,INDIRECT($D60&"!$AG$1:$AY$1"),0),0) -> 0 | L60: =VLOOKUP($B60,INDIRECT($D60&"!$AG$1:$AY$66"),MATCH(L$1,INDIRECT($D60&"!$AG$1:$AY$1"),0),0) -> 0 | M60: =VLOOKUP($B60,INDIRECT($D60&"!$AG$1:$AY$66"),MATCH(M$1,INDIRECT($D60&"!$AG$1:$AY$1"),0),0) -> 0 | N60: =VLOOKUP($B60,INDIRECT($D60&"!$AG$1:$AY$66"),MATCH(N$1,INDIRECT($D60&"!$AG$1:$AY$1"),0),0) -> 0 | ... V60: =VLOOKUP($B60,INDIRECT($D60&"!$AG$1:$AY$66"),MATCH(V$1,INDIRECT($D60&"!$AG$1:$AY$1"),0),0) -> 0 | W60: =VLOOKUP($B60,INDIRECT($D60&"!$AG$1:$AY$66"),MATCH(W$2,INDIRECT($D60&"!$AG$1:$AY$1"),0),0) -> 200 | X60: =VLOOKUP($B60,INDIRECT($D60&"!$AG$1:$AY$66"),MATCH(X$1,INDIRECT($D60&"!$AG$1:$AY$1"),0),0) -> 全勤
A61: 7494104394960158748 | B61: 黄征程 | C61: 4 | D61: 仓库 | E61: 物流部 | F61: 45836 | G61: =VLOOKUP($B61,INDIRECT($D61&"!$AG$1:$AY$66"),MATCH(G$1,INDIRECT($D61&"!$AG$1:$AY$1"),0),0) -> 24 | H61: =VLOOKUP($B61,INDIRECT($D61&"!$AG$1:$AY$66"),MATCH(H$1,INDIRECT($D61&"!$AG$1:$AY$1"),0),0) -> 23 | I61: =VLOOKUP($B61,INDIRECT($D61&"!$AG$1:$AY$66"),MATCH(I$1,INDIRECT($D61&"!$AG$1:$AY$1"),0),0) -> 0 | J61: =VLOOKUP($B61,INDIRECT($D61&"!$AG$1:$AY$66"),MATCH(J$1,INDIRECT($D61&"!$AG$1:$AY$1"),0),0) -> 0 | K61: =VLOOKUP($B61,INDIRECT($D61&"!$AG$1:$AY$66"),MATCH(K$1,INDIRECT($D61&"!$AG$1:$AY$1"),0),0) -> 0 | L61: =VLOOKUP($B61,INDIRECT($D61&"!$AG$1:$AY$66"),MATCH(L$1,INDIRECT($D61&"!$AG$1:$AY$1"),0),0) -> 0 | M61: =VLOOKUP($B61,INDIRECT($D61&"!$AG$1:$AY$66"),MATCH(M$1,INDIRECT($D61&"!$AG$1:$AY$1"),0),0) -> 0 | N61: =VLOOKUP($B61,INDIRECT($D61&"!$AG$1:$AY$66"),MATCH(N$1,INDIRECT($D61&"!$AG$1:$AY$1"),0),0) -> 0 | ... V61: =VLOOKUP($B61,INDIRECT($D61&"!$AG$1:$AY$66"),MATCH(V$1,INDIRECT($D61&"!$AG$1:$AY$1"),0),0) -> 0 | W61: =VLOOKUP($B61,INDIRECT($D61&"!$AG$1:$AY$66"),MATCH(W$2,INDIRECT($D61&"!$AG$1:$AY$1"),0),0) -> 200 | X61: =VLOOKUP($B61,INDIRECT($D61&"!$AG$1:$AY$66"),MATCH(X$1,INDIRECT($D61&"!$AG$1:$AY$1"),0),0) -> 全勤
A62: 7572095123472891905 | B62: 吴林 | C62: 4 | D62: 仓库 | E62: 物流部 | F62: 46065 | G62: =VLOOKUP($B62,INDIRECT($D62&"!$AG$1:$AY$66"),MATCH(G$1,INDIRECT($D62&"!$AG$1:$AY$1"),0),0) -> 24 | H62: =VLOOKUP($B62,INDIRECT($D62&"!$AG$1:$AY$66"),MATCH(H$1,INDIRECT($D62&"!$AG$1:$AY$1"),0),0) -> 22.63 | I62: =VLOOKUP($B62,INDIRECT($D62&"!$AG$1:$AY$66"),MATCH(I$1,INDIRECT($D62&"!$AG$1:$AY$1"),0),0) -> 33 | J62: =VLOOKUP($B62,INDIRECT($D62&"!$AG$1:$AY$66"),MATCH(J$1,INDIRECT($D62&"!$AG$1:$AY$1"),0),0) -> 0 | K62: =VLOOKUP($B62,INDIRECT($D62&"!$AG$1:$AY$66"),MATCH(K$1,INDIRECT($D62&"!$AG$1:$AY$1"),0),0) -> 0 | L62: =VLOOKUP($B62,INDIRECT($D62&"!$AG$1:$AY$66"),MATCH(L$1,INDIRECT($D62&"!$AG$1:$AY$1"),0),0) -> 0.37 | M62: =VLOOKUP($B62,INDIRECT($D62&"!$AG$1:$AY$66"),MATCH(M$1,INDIRECT($D62&"!$AG$1:$AY$1"),0),0) -> 0 | N62: =VLOOKUP($B62,INDIRECT($D62&"!$AG$1:$AY$66"),MATCH(N$1,INDIRECT($D62&"!$AG$1:$AY$1"),0),0) -> 0 | ... V62: =VLOOKUP($B62,INDIRECT($D62&"!$AG$1:$AY$66"),MATCH(V$1,INDIRECT($D62&"!$AG$1:$AY$1"),0),0) -> 50 | W62: =VLOOKUP($B62,INDIRECT($D62&"!$AG$1:$AY$66"),MATCH(W$2,INDIRECT($D62&"!$AG$1:$AY$1"),0),0) -> 0 | X62: =VLOOKUP($B62,INDIRECT($D62&"!$AG$1:$AY$66"),MATCH(X$1,INDIRECT($D62&"!$AG$1:$AY$1"),0),0) -> 事假 3小时(04/17 09:00-04/17 12:00)，迟到6次共33分钟，按人力行政制度一个月内迟到累计30-60分钟（包含60），乐捐50元。
A63: 7497090363900297220 | B63: 吴剑飞 | C63: 4 | D63: 梅州 | E63: 事业三部/项目八部 | F63: 43983 | G63: =VLOOKUP($B63,INDIRECT($D63&"!$AG$1:$AY$66"),MATCH(G$1,INDIRECT($D63&"!$AG$1:$AY$1"),0),0) -> 24 | H63: =VLOOKUP($B63,INDIRECT($D63&"!$AG$1:$AY$66"),MATCH(H$1,INDIRECT($D63&"!$AG$1:$AY$1"),0),0) -> 23 | I63: =VLOOKUP($B63,INDIRECT($D63&"!$AG$1:$AY$66"),MATCH(I$1,INDIRECT($D63&"!$AG$1:$AY$1"),0),0) -> 0 | J63: =VLOOKUP($B63,INDIRECT($D63&"!$AG$1:$AY$66"),MATCH(J$1,INDIRECT($D63&"!$AG$1:$AY$1"),0),0) -> 0 | K63: =VLOOKUP($B63,INDIRECT($D63&"!$AG$1:$AY$66"),MATCH(K$1,INDIRECT($D63&"!$AG$1:$AY$1"),0),0) -> 0 | L63: =VLOOKUP($B63,INDIRECT($D63&"!$AG$1:$AY$66"),MATCH(L$1,INDIRECT($D63&"!$AG$1:$AY$1"),0),0) -> 0 | M63: =VLOOKUP($B63,INDIRECT($D63&"!$AG$1:$AY$66"),MATCH(M$1,INDIRECT($D63&"!$AG$1:$AY$1"),0),0) -> 0 | N63: =VLOOKUP($B63,INDIRECT($D63&"!$AG$1:$AY$66"),MATCH(N$1,INDIRECT($D63&"!$AG$1:$AY$1"),0),0) -> 0 | ... V63: =VLOOKUP($B63,INDIRECT($D63&"!$AG$1:$AY$66"),MATCH(V$1,INDIRECT($D63&"!$AG$1:$AY$1"),0),0) -> 0 | W63: =VLOOKUP($B63,INDIRECT($D63&"!$AG$1:$AY$66"),MATCH(W$2,INDIRECT($D63&"!$AG$1:$AY$1"),0),0) -> 200 | X63: =VLOOKUP($B63,INDIRECT($D63&"!$AG$1:$AY$66"),MATCH(X$1,INDIRECT($D63&"!$AG$1:$AY$1"),0),0) -> 全勤
... A68: 7547528034698739713 | B68: 王玥 | C68: 4 | D68: 梅州 | E68: 事业三部/项目八部 | F68: 45999 | G68: =VLOOKUP($B68,INDIRECT($D68&"!$AG$1:$AY$66"),MATCH(G$1,INDIRECT($D68&"!$AG$1:$AY$1"),0),0) -> 26 | H68: =VLOOKUP($B68,INDIRECT($D68&"!$AG$1:$AY$66"),MATCH(H$1,INDIRECT($D68&"!$AG$1:$AY$1"),0),0) -> 24 | I68: =VLOOKUP($B68,INDIRECT($D68&"!$AG$1:$AY$66"),MATCH(I$1,INDIRECT($D68&"!$AG$1:$AY$1"),0),0) -> 0 | J68: =VLOOKUP($B68,INDIRECT($D68&"!$AG$1:$AY$66"),MATCH(J$1,INDIRECT($D68&"!$AG$1:$AY$1"),0),0) -> 0 | K68: =VLOOKUP($B68,INDIRECT($D68&"!$AG$1:$AY$66"),MATCH(K$1,INDIRECT($D68&"!$AG$1:$AY$1"),0),0) -> 0 | L68: =VLOOKUP($B68,INDIRECT($D68&"!$AG$1:$AY$66"),MATCH(L$1,INDIRECT($D68&"!$AG$1:$AY$1"),0),0) -> 1 | M68: =VLOOKUP($B68,INDIRECT($D68&"!$AG$1:$AY$66"),MATCH(M$1,INDIRECT($D68&"!$AG$1:$AY$1"),0),0) -> 0 | N68: =VLOOKUP($B68,INDIRECT($D68&"!$AG$1:$AY$66"),MATCH(N$1,INDIRECT($D68&"!$AG$1:$AY$1"),0),0) -> 0 | ... V68: =VLOOKUP($B68,INDIRECT($D68&"!$AG$1:$AY$66"),MATCH(V$1,INDIRECT($D68&"!$AG$1:$AY$1"),0),0) -> 0 | W68: =VLOOKUP($B68,INDIRECT($D68&"!$AG$1:$AY$66"),MATCH(W$2,INDIRECT($D68&"!$AG$1:$AY$1"),0),0) -> 0 | X68: =VLOOKUP($B68,INDIRECT($D68&"!$AG$1:$AY$66"),MATCH(X$1,INDIRECT($D68&"!$AG$1:$AY$1"),0),0) -> 事假 7小时(04/20 09:00-04/20 18:00)
A69: 7613564898676608220 | B69: 程雪莹 | C69: 4 | D69: 深圳 | E69: 事业三部/项目八部 | G69: =VLOOKUP($B69,INDIRECT($D69&"!$AG$1:$AY$66"),MATCH(G$1,INDIRECT($D69&"!$AG$1:$AY$1"),0),0) -> 24 | H69: =VLOOKUP($B69,INDIRECT($D69&"!$AG$1:$AY$66"),MATCH(H$1,INDIRECT($D69&"!$AG$1:$AY$1"),0),0) -> 23 | I69: =VLOOKUP($B69,INDIRECT($D69&"!$AG$1:$AY$66"),MATCH(I$1,INDIRECT($D69&"!$AG$1:$AY$1"),0),0) -> 0 | J69: =VLOOKUP($B69,INDIRECT($D69&"!$AG$1:$AY$66"),MATCH(J$1,INDIRECT($D69&"!$AG$1:$AY$1"),0),0) -> 0 | K69: =VLOOKUP($B69,INDIRECT($D69&"!$AG$1:$AY$66"),MATCH(K$1,INDIRECT($D69&"!$AG$1:$AY$1"),0),0) -> 0 | L69: =VLOOKUP($B69,INDIRECT($D69&"!$AG$1:$AY$66"),MATCH(L$1,INDIRECT($D69&"!$AG$1:$AY$1"),0),0) -> 0 | M69: =VLOOKUP($B69,INDIRECT($D69&"!$AG$1:$AY$66"),MATCH(M$1,INDIRECT($D69&"!$AG$1:$AY$1"),0),0) -> 0 | N69: =VLOOKUP($B69,INDIRECT($D69&"!$AG$1:$AY$66"),MATCH(N$1,INDIRECT($D69&"!$AG$1:$AY$1"),0),0) -> 0 | ... V69: =VLOOKUP($B69,INDIRECT($D69&"!$AG$1:$AY$66"),MATCH(V$1,INDIRECT($D69&"!$AG$1:$AY$1"),0),0) -> 0 | W69: =VLOOKUP($B69,INDIRECT($D69&"!$AG$1:$AY$66"),MATCH(W$2,INDIRECT($D69&"!$AG$1:$AY$1"),0),0) -> 200 | X69: =VLOOKUP($B69,INDIRECT($D69&"!$AG$1:$AY$66"),MATCH(X$1,INDIRECT($D69&"!$AG$1:$AY$1"),0),0) -> 全勤
A70: 7620253680234794179 | B70: 伍宇晴 | C70: 4 | D70: 深圳 | E70: 事业三部/项目八部 | G70: =VLOOKUP($B70,INDIRECT($D70&"!$AG$1:$AY$66"),MATCH(G$1,INDIRECT($D70&"!$AG$1:$AY$1"),0),0) -> 24 | H70: =VLOOKUP($B70,INDIRECT($D70&"!$AG$1:$AY$66"),MATCH(H$1,INDIRECT($D70&"!$AG$1:$AY$1"),0),0) -> 23 | I70: =VLOOKUP($B70,INDIRECT($D70&"!$AG$1:$AY$66"),MATCH(I$1,INDIRECT($D70&"!$AG$1:$AY$1"),0),0) -> 0 | J70: =VLOOKUP($B70,INDIRECT($D70&"!$AG$1:$AY$66"),MATCH(J$1,INDIRECT($D70&"!$AG$1:$AY$1"),0),0) -> 0 | K70: =VLOOKUP($B70,INDIRECT($D70&"!$AG$1:$AY$66"),MATCH(K$1,INDIRECT($D70&"!$AG$1:$AY$1"),0),0) -> 0 | L70: =VLOOKUP($B70,INDIRECT($D70&"!$AG$1:$AY$66"),MATCH(L$1,INDIRECT($D70&"!$AG$1:$AY$1"),0),0) -> 0 | M70: =VLOOKUP($B70,INDIRECT($D70&"!$AG$1:$AY$66"),MATCH(M$1,INDIRECT($D70&"!$AG$1:$AY$1"),0),0) -> 0 | N70: =VLOOKUP($B70,INDIRECT($D70&"!$AG$1:$AY$66"),MATCH(N$1,INDIRECT($D70&"!$AG$1:$AY$1"),0),0) -> 0 | ... V70: =VLOOKUP($B70,INDIRECT($D70&"!$AG$1:$AY$66"),MATCH(V$1,INDIRECT($D70&"!$AG$1:$AY$1"),0),0) -> 0 | W70: =VLOOKUP($B70,INDIRECT($D70&"!$AG$1:$AY$66"),MATCH(W$2,INDIRECT($D70&"!$AG$1:$AY$1"),0),0) -> 200 | X70: =VLOOKUP($B70,INDIRECT($D70&"!$AG$1:$AY$66"),MATCH(X$1,INDIRECT($D70&"!$AG$1:$AY$1"),0),0) -> 全勤
A71: 7497090042927513601 | B71: 邱佳滢 | C71: 4 | D71: 梅州 | E71: 事业四部/项目七部 | F71: 45536 | G71: =VLOOKUP($B71,INDIRECT($D71&"!$AG$1:$AY$66"),MATCH(G$1,INDIRECT($D71&"!$AG$1:$AY$1"),0),0) -> 26 | H71: =VLOOKUP($B71,INDIRECT($D71&"!$AG$1:$AY$66"),MATCH(H$1,INDIRECT($D71&"!$AG$1:$AY$1"),0),0) -> 19 | I71: =VLOOKUP($B71,INDIRECT($D71&"!$AG$1:$AY$66"),MATCH(I$1,INDIRECT($D71&"!$AG$1:$AY$1"),0),0) -> 0 | J71: =VLOOKUP($B71,INDIRECT($D71&"!$AG$1:$AY$66"),MATCH(J$1,INDIRECT($D71&"!$AG$1:$AY$1"),0),0) -> 0 | K71: =VLOOKUP($B71,INDIRECT($D71&"!$AG$1:$AY$66"),MATCH(K$1,INDIRECT($D71&"!$AG$1:$AY$1"),0),0) -> 0 | L71: =VLOOKUP($B71,INDIRECT($D71&"!$AG$1:$AY$66"),MATCH(L$1,INDIRECT($D71&"!$AG$1:$AY$1"),0),0) -> 6 | M71: =VLOOKUP($B71,INDIRECT($D71&"!$AG$1:$AY$66"),MATCH(M$1,INDIRECT($D71&"!$AG$1:$AY$1"),0),0) -> 0 | N71: =VLOOKUP($B71,INDIRECT($D71&"!$AG$1:$AY$66"),MATCH(N$1,INDIRECT($D71&"!$AG$1:$AY$1"),0),0) -> 0 | ... V71: =VLOOKUP($B71,INDIRECT($D71&"!$AG$1:$AY$66"),MATCH(V$1,INDIRECT($D71&"!$AG$1:$AY$1"),0),0) -> 0 | W71: =VLOOKUP($B71,INDIRECT($D71&"!$AG$1:$AY$66"),MATCH(W$2,INDIRECT($D71&"!$AG$1:$AY$1"),0),0) -> 0 | X71: =VLOOKUP($B71,INDIRECT($D71&"!$AG$1:$AY$66"),MATCH(X$1,INDIRECT($D71&"!$AG$1:$AY$1"),0),0) -> 事假 14小时(04/11 09:00-04/13 18:00);事假 28小时(04/14 09:00-04/17 18:00)
A72: 7497089545667215364 | B72: 陈曦 | C72: 4 | D72: 梅州 | E72: 事业四部/项目七部 | F72: 45595 | G72: =VLOOKUP($B72,INDIRECT($D72&"!$AG$1:$AY$66"),MATCH(G$1,INDIRECT($D72&"!$AG$1:$AY$1"),0),0) -> 26 | H72: =VLOOKUP($B72,INDIRECT($D72&"!$AG$1:$AY$66"),MATCH(H$1,INDIRECT($D72&"!$AG$1:$AY$1"),0),0) -> 25 | I72: =VLOOKUP($B72,INDIRECT($D72&"!$AG$1:$AY$66"),MATCH(I$1,INDIRECT($D72&"!$AG$1:$AY$1"),0),0) -> 0 | J72: =VLOOKUP($B72,INDIRECT($D72&"!$AG$1:$AY$66"),MATCH(J$1,INDIRECT($D72&"!$AG$1:$AY$1"),0),0) -> 0 | K72: =VLOOKUP($B72,INDIRECT($D72&"!$AG$1:$AY$66"),MATCH(K$1,INDIRECT($D72&"!$AG$1:$AY$1"),0),0) -> 0 | L72: =VLOOKUP($B72,INDIRECT($D72&"!$AG$1:$AY$66"),MATCH(L$1,INDIRECT($D72&"!$AG$1:$AY$1"),0),0) -> 0 | M72: =VLOOKUP($B72,INDIRECT($D72&"!$AG$1:$AY$66"),MATCH(M$1,INDIRECT($D72&"!$AG$1:$AY$1"),0),0) -> 0 | N72: =VLOOKUP($B72,INDIRECT($D72&"!$AG$1:$AY$66"),MATCH(N$1,INDIRECT($D72&"!$AG$1:$AY$1"),0),0) -> 0 | ... V72: =VLOOKUP($B72,INDIRECT($D72&"!$AG$1:$AY$66"),MATCH(V$1,INDIRECT($D72&"!$AG$1:$AY$1"),0),0) -> 0 | W72: =VLOOKUP($B72,INDIRECT($D72&"!$AG$1:$AY$66"),MATCH(W$2,INDIRECT($D72&"!$AG$1:$AY$1"),0),0) -> 200 | X72: =VLOOKUP($B72,INDIRECT($D72&"!$AG$1:$AY$66"),MATCH(X$1,INDIRECT($D72&"!$AG$1:$AY$1"),0),0) -> 全勤
A73: 7610607861856570333 | B73: 罗丽萍 | C73: 4 | D73: 梅州 | E73: 事业四部/项目七部 | G73: =VLOOKUP($B73,INDIRECT($D73&"!$AG$1:$AY$66"),MATCH(G$1,INDIRECT($D73&"!$AG$1:$AY$1"),0),0) -> 26 | H73: =VLOOKUP($B73,INDIRECT($D73&"!$AG$1:$AY$66"),MATCH(H$1,INDIRECT($D73&"!$AG$1:$AY$1"),0),0) -> 25 | I73: =VLOOKUP($B73,INDIRECT($D73&"!$AG$1:$AY$66"),MATCH(I$1,INDIRECT($D73&"!$AG$1:$AY$1"),0),0) -> 0 | J73: =VLOOKUP($B73,INDIRECT($D73&"!$AG$1:$AY$66"),MATCH(J$1,INDIRECT($D73&"!$AG$1:$AY$1"),0),0) -> 0 | K73: =VLOOKUP($B73,INDIRECT($D73&"!$AG$1:$AY$66"),MATCH(K$1,INDIRECT($D73&"!$AG$1:$AY$1"),0),0) -> 0 | L73: =VLOOKUP($B73,INDIRECT($D73&"!$AG$1:$AY$66"),MATCH(L$1,INDIRECT($D73&"!$AG$1:$AY$1"),0),0) -> 0 | M73: =VLOOKUP($B73,INDIRECT($D73&"!$AG$1:$AY$66"),MATCH(M$1,INDIRECT($D73&"!$AG$1:$AY$1"),0),0) -> 0 | N73: =VLOOKUP($B73,INDIRECT($D73&"!$AG$1:$AY$66"),MATCH(N$1,INDIRECT($D73&"!$AG$1:$AY$1"),0),0) -> 0 | ... V73: =VLOOKUP($B73,INDIRECT($D73&"!$AG$1:$AY$66"),MATCH(V$1,INDIRECT($D73&"!$AG$1:$AY$1"),0),0) -> 0 | W73: =VLOOKUP($B73,INDIRECT($D73&"!$AG$1:$AY$66"),MATCH(W$2,INDIRECT($D73&"!$AG$1:$AY$1"),0),0) -> 200 | X73: =VLOOKUP($B73,INDIRECT($D73&"!$AG$1:$AY$66"),MATCH(X$1,INDIRECT($D73&"!$AG$1:$AY$1"),0),0) -> 全勤
A74: 7610612488108166089 | B74: 罗俊耀 | C74: 4 | D74: 梅州 | E74: 事业四部/项目七部 | G74: =VLOOKUP($B74,INDIRECT($D74&"!$AG$1:$AY$66"),MATCH(G$1,INDIRECT($D74&"!$AG$1:$AY$1"),0),0) -> 26 | H74: =VLOOKUP($B74,INDIRECT($D74&"!$AG$1:$AY$66"),MATCH(H$1,INDIRECT($D74&"!$AG$1:$AY$1"),0),0) -> 25 | I74: =VLOOKUP($B74,INDIRECT($D74&"!$AG$1:$AY$66"),MATCH(I$1,INDIRECT($D74&"!$AG$1:$AY$1"),0),0) -> 46 | J74: =VLOOKUP($B74,INDIRECT($D74&"!$AG$1:$AY$66"),MATCH(J$1,INDIRECT($D74&"!$AG$1:$AY$1"),0),0) -> 0 | K74: =VLOOKUP($B74,INDIRECT($D74&"!$AG$1:$AY$66"),MATCH(K$1,INDIRECT($D74&"!$AG$1:$AY$1"),0),0) -> 0 | L74: =VLOOKUP($B74,INDIRECT($D74&"!$AG$1:$AY$66"),MATCH(L$1,INDIRECT($D74&"!$AG$1:$AY$1"),0),0) -> 0 | M74: =VLOOKUP($B74,INDIRECT($D74&"!$AG$1:$AY$66"),MATCH(M$1,INDIRECT($D74&"!$AG$1:$AY$1"),0),0) -> 0 | N74: =VLOOKUP($B74,INDIRECT($D74&"!$AG$1:$AY$66"),MATCH(N$1,INDIRECT($D74&"!$AG$1:$AY$1"),0),0) -> 0 | ... V74: =VLOOKUP($B74,INDIRECT($D74&"!$AG$1:$AY$66"),MATCH(V$1,INDIRECT($D74&"!$AG$1:$AY$1"),0),0) -> 50 | W74: =VLOOKUP($B74,INDIRECT($D74&"!$AG$1:$AY$66"),MATCH(W$2,INDIRECT($D74&"!$AG$1:$AY$1"),0),0) -> 0 | X74: =VLOOKUP($B74,INDIRECT($D74&"!$AG$1:$AY$66"),MATCH(X$1,INDIRECT($D74&"!$AG$1:$AY$1"),0),0) -> 迟到6次共46分钟，按人力行政制度一个月内迟到累计30-60分钟（包含60），乐捐50元。
A75: 7610612958770580681 | B75: 罗慧玲 | C75: 4 | D75: 梅州 | E75: 事业三部/项目八部 | G75: =VLOOKUP($B75,INDIRECT($D75&"!$AG$1:$AY$66"),MATCH(G$1,INDIRECT($D75&"!$AG$1:$AY$1"),0),0) -> 26 | H75: =VLOOKUP($B75,INDIRECT($D75&"!$AG$1:$AY$66"),MATCH(H$1,INDIRECT($D75&"!$AG$1:$AY$1"),0),0) -> 25 | I75: =VLOOKUP($B75,INDIRECT($D75&"!$AG$1:$AY$66"),MATCH(I$1,INDIRECT($D75&"!$AG$1:$AY$1"),0),0) -> 0 | J75: =VLOOKUP($B75,INDIRECT($D75&"!$AG$1:$AY$66"),MATCH(J$1,INDIRECT($D75&"!$AG$1:$AY$1"),0),0) -> 0 | K75: =VLOOKUP($B75,INDIRECT($D75&"!$AG$1:$AY$66"),MATCH(K$1,INDIRECT($D75&"!$AG$1:$AY$1"),0),0) -> 0 | L75: =VLOOKUP($B75,INDIRECT($D75&"!$AG$1:$AY$66"),MATCH(L$1,INDIRECT($D75&"!$AG$1:$AY$1"),0),0) -> 0 | M75: =VLOOKUP($B75,INDIRECT($D75&"!$AG$1:$AY$66"),MATCH(M$1,INDIRECT($D75&"!$AG$1:$AY$1"),0),0) -> 0 | N75: =VLOOKUP($B75,INDIRECT($D75&"!$AG$1:$AY$66"),MATCH(N$1,INDIRECT($D75&"!$AG$1:$AY$1"),0),0) -> 0 | ... V75: =VLOOKUP($B75,INDIRECT($D75&"!$AG$1:$AY$66"),MATCH(V$1,INDIRECT($D75&"!$AG$1:$AY$1"),0),0) -> 0 | W75: =VLOOKUP($B75,INDIRECT($D75&"!$AG$1:$AY$66"),MATCH(W$2,INDIRECT($D75&"!$AG$1:$AY$1"),0),0) -> 200 | X75: =VLOOKUP($B75,INDIRECT($D75&"!$AG$1:$AY$66"),MATCH(X$1,INDIRECT($D75&"!$AG$1:$AY$1"),0),0) -> 全勤，外出 0.5天(04/22 下午-04/22 下午)
A76: 7493720586683236371 | B76: 黄川玲 | C76: 4 | D76: 广西 | E76: 事业五部/项目九部 | F76: 44109 | G76: =VLOOKUP($B76,INDIRECT($D76&"!$AG$1:$AY$66"),MATCH(G$1,INDIRECT($D76&"!$AG$1:$AY$1"),0),0) -> 24 | H76: =VLOOKUP($B76,INDIRECT($D76&"!$AG$1:$AY$66"),MATCH(H$1,INDIRECT($D76&"!$AG$1:$AY$1"),0),0) -> 23 | I76: =VLOOKUP($B76,INDIRECT($D76&"!$AG$1:$AY$66"),MATCH(I$1,INDIRECT($D76&"!$AG$1:$AY$1"),0),0) -> 0 | J76: =VLOOKUP($B76,INDIRECT($D76&"!$AG$1:$AY$66"),MATCH(J$1,INDIRECT($D76&"!$AG$1:$AY$1"),0),0) -> 0 | K76: =VLOOKUP($B76,INDIRECT($D76&"!$AG$1:$AY$66"),MATCH(K$1,INDIRECT($D76&"!$AG$1:$AY$1"),0),0) -> 0 | L76: =VLOOKUP($B76,INDIRECT($D76&"!$AG$1:$AY$66"),MATCH(L$1,INDIRECT($D76&"!$AG$1:$AY$1"),0),0) -> 0 | M76: =VLOOKUP($B76,INDIRECT($D76&"!$AG$1:$AY$66"),MATCH(M$1,INDIRECT($D76&"!$AG$1:$AY$1"),0),0) -> 0 | N76: =VLOOKUP($B76,INDIRECT($D76&"!$AG$1:$AY$66"),MATCH(N$1,INDIRECT($D76&"!$AG$1:$AY$1"),0),0) -> 0 | ... V76: =VLOOKUP($B76,INDIRECT($D76&"!$AG$1:$AY$66"),MATCH(V$1,INDIRECT($D76&"!$AG$1:$AY$1"),0),0) -> 0 | W76: =VLOOKUP($B76,INDIRECT($D76&"!$AG$1:$AY$66"),MATCH(W$2,INDIRECT($D76&"!$AG$1:$AY$1"),0),0) -> 200 | X76: =VLOOKUP($B76,INDIRECT($D76&"!$AG$1:$AY$66"),MATCH(X$1,INDIRECT($D76&"!$AG$1:$AY$1"),0),0) -> 全勤
A77: 7493719273494593555 | B77: 陆秋兰 | C77: 4 | D77: 广西 | E77: 事业五部/项目九部 | F77: 42167 | G77: =VLOOKUP($B77,INDIRECT($D77&"!$AG$1:$AY$66"),MATCH(G$1,INDIRECT($D77&"!$AG$1:$AY$1"),0),0) -> 24 | H77: =VLOOKUP($B77,INDIRECT($D77&"!$AG$1:$AY$66"),MATCH(H$1,INDIRECT($D77&"!$AG$1:$AY$1"),0),0) -> 21.44 | I77: =VLOOKUP($B77,INDIRECT($D77&"!$AG$1:$AY$66"),MATCH(I$1,INDIRECT($D77&"!$AG$1:$AY$1"),0),0) -> 0 | J77: =VLOOKUP($B77,INDIRECT($D77&"!$AG$1:$AY$66"),MATCH(J$1,INDIRECT($D77&"!$AG$1:$AY$1"),0),0) -> 0 | K77: =VLOOKUP($B77,INDIRECT($D77&"!$AG$1:$AY$66"),MATCH(K$1,INDIRECT($D77&"!$AG$1:$AY$1"),0),0) -> 0 | L77: =VLOOKUP($B77,INDIRECT($D77&"!$AG$1:$AY$66"),MATCH(L$1,INDIRECT($D77&"!$AG$1:$AY$1"),0),0) -> 0 | M77: =VLOOKUP($B77,INDIRECT($D77&"!$AG$1:$AY$66"),MATCH(M$1,INDIRECT($D77&"!$AG$1:$AY$1"),0),0) -> 1.56 | N77: =VLOOKUP($B77,INDIRECT($D77&"!$AG$1:$AY$66"),MATCH(N$1,INDIRECT($D77&"!$AG$1:$AY$1"),0),0) -> 0 | ... V77: =VLOOKUP($B77,INDIRECT($D77&"!$AG$1:$AY$66"),MATCH(V$1,INDIRECT($D77&"!$AG$1:$AY$1"),0),0) -> 0 | W77: =VLOOKUP($B77,INDIRECT($D77&"!$AG$1:$AY$66"),MATCH(W$2,INDIRECT($D77&"!$AG$1:$AY$1"),0),0) -> 200 | X77: =VLOOKUP($B77,INDIRECT($D77&"!$AG$1:$AY$66"),MATCH(X$1,INDIRECT($D77&"!$AG$1:$AY$1"),0),0) -> 全勤，年假 4.5小时(04/18 14:00-04/18 18:30);年假 8小时(04/23 09:00-04/23 18:30)
A78: 7493721628883304467 | B78: 黄源慧 | C78: 4 | D78: 广西 | E78: 事业五部/项目九部 | F78: 44587 | G78: =VLOOKUP($B78,INDIRECT($D78&"!$AG$1:$AY$66"),MATCH(G$1,INDIRECT($D78&"!$AG$1:$AY$1"),0),0) -> 24 | H78: =VLOOKUP($B78,INDIRECT($D78&"!$AG$1:$AY$66"),MATCH(H$1,INDIRECT($D78&"!$AG$1:$AY$1"),0),0) -> 22 | I78: =VLOOKUP($B78,INDIRECT($D78&"!$AG$1:$AY$66"),MATCH(I$1,INDIRECT($D78&"!$AG$1:$AY$1"),0),0) -> 0 | J78: =VLOOKUP($B78,INDIRECT($D78&"!$AG$1:$AY$66"),MATCH(J$1,INDIRECT($D78&"!$AG$1:$AY$1"),0),0) -> 0 | K78: =VLOOKUP($B78,INDIRECT($D78&"!$AG$1:$AY$66"),MATCH(K$1,INDIRECT($D78&"!$AG$1:$AY$1"),0),0) -> 0 | L78: =VLOOKUP($B78,INDIRECT($D78&"!$AG$1:$AY$66"),MATCH(L$1,INDIRECT($D78&"!$AG$1:$AY$1"),0),0) -> 0 | M78: =VLOOKUP($B78,INDIRECT($D78&"!$AG$1:$AY$66"),MATCH(M$1,INDIRECT($D78&"!$AG$1:$AY$1"),0),0) -> 1 | N78: =VLOOKUP($B78,INDIRECT($D78&"!$AG$1:$AY$66"),MATCH(N$1,INDIRECT($D78&"!$AG$1:$AY$1"),0),0) -> 0 | ... V78: =VLOOKUP($B78,INDIRECT($D78&"!$AG$1:$AY$66"),MATCH(V$1,INDIRECT($D78&"!$AG$1:$AY$1"),0),0) -> 0 | W78: =VLOOKUP($B78,INDIRECT($D78&"!$AG$1:$AY$66"),MATCH(W$2,INDIRECT($D78&"!$AG$1:$AY$1"),0),0) -> 200 | X78: =VLOOKUP($B78,INDIRECT($D78&"!$AG$1:$AY$66"),MATCH(X$1,INDIRECT($D78&"!$AG$1:$AY$1"),0),0) -> 全勤，年假 8小时(04/18 09:00-04/18 18:30)
A79: 7497129710809858050 | B79: 伍慧珍 | C79: 4 | D79: 广西 | E79: 事业二部/项目五部 | F79: 44562 | G79: =VLOOKUP($B79,INDIRECT($D79&"!$AG$1:$AY$66"),MATCH(G$1,INDIRECT($D79&"!$AG$1:$AY$1"),0),0) -> 24 | H79: =VLOOKUP($B79,INDIRECT($D79&"!$AG$1:$AY$66"),MATCH(H$1,INDIRECT($D79&"!$AG$1:$AY$1"),0),0) -> 11.5 | I79: =VLOOKUP($B79,INDIRECT($D79&"!$AG$1:$AY$66"),MATCH(I$1,INDIRECT($D79&"!$AG$1:$AY$1"),0),0) -> 0 | J79: =VLOOKUP($B79,INDIRECT($D79&"!$AG$1:$AY$66"),MATCH(J$1,INDIRECT($D79&"!$AG$1:$AY$1"),0),0) -> 0 | K79: =VLOOKUP($B79,INDIRECT($D79&"!$AG$1:$AY$66"),MATCH(K$1,INDIRECT($D79&"!$AG$1:$AY$1"),0),0) -> 0 | L79: =VLOOKUP($B79,INDIRECT($D79&"!$AG$1:$AY$66"),MATCH(L$1,INDIRECT($D79&"!$AG$1:$AY$1"),0),0) -> 0 | M79: =VLOOKUP($B79,INDIRECT($D79&"!$AG$1:$AY$66"),MATCH(M$1,INDIRECT($D79&"!$AG$1:$AY$1"),0),0) -> 0 | N79: =VLOOKUP($B79,INDIRECT($D79&"!$AG$1:$AY$66"),MATCH(N$1,INDIRECT($D79&"!$AG$1:$AY$1"),0),0) -> 0 | ... V79: =VLOOKUP($B79,INDIRECT($D79&"!$AG$1:$AY$66"),MATCH(V$1,INDIRECT($D79&"!$AG$1:$AY$1"),0),0) -> 0 | W79: =VLOOKUP($B79,INDIRECT($D79&"!$AG$1:$AY$66"),MATCH(W$2,INDIRECT($D79&"!$AG$1:$AY$1"),0),0) -> 0 | X79: =VLOOKUP($B79,INDIRECT($D79&"!$AG$1:$AY$66"),MATCH(X$1,INDIRECT($D79&"!$AG$1:$AY$1"),0),0) -> 产假 158天(01/26 上午-07/02 下午)，4月份居家办公每日出勤4小时计0.5天出勤
A80: 7493739396483596307 | B80: 唐佳艺 | C80: 4 | D80: 广西 | E80: 事业五部/项目九部 | F80: 45419 | G80: =VLOOKUP($B80,INDIRECT($D80&"!$AG$1:$AY$66"),MATCH(G$1,INDIRECT($D80&"!$AG$1:$AY$1"),0),0) -> 24 | H80: =VLOOKUP($B80,INDIRECT($D80&"!$AG$1:$AY$66"),MATCH(H$1,INDIRECT($D80&"!$AG$1:$AY$1"),0),0) -> 22 | I80: =VLOOKUP($B80,INDIRECT($D80&"!$AG$1:$AY$66"),MATCH(I$1,INDIRECT($D80&"!$AG$1:$AY$1"),0),0) -> 0 | J80: =VLOOKUP($B80,INDIRECT($D80&"!$AG$1:$AY$66"),MATCH(J$1,INDIRECT($D80&"!$AG$1:$AY$1"),0),0) -> 0 | K80: =VLOOKUP($B80,INDIRECT($D80&"!$AG$1:$AY$66"),MATCH(K$1,INDIRECT($D80&"!$AG$1:$AY$1"),0),0) -> 0 | L80: =VLOOKUP($B80,INDIRECT($D80&"!$AG$1:$AY$66"),MATCH(L$1,INDIRECT($D80&"!$AG$1:$AY$1"),0),0) -> 0 | M80: =VLOOKUP($B80,INDIRECT($D80&"!$AG$1:$AY$66"),MATCH(M$1,INDIRECT($D80&"!$AG$1:$AY$1"),0),0) -> 1 | N80: =VLOOKUP($B80,INDIRECT($D80&"!$AG$1:$AY$66"),MATCH(N$1,INDIRECT($D80&"!$AG$1:$AY$1"),0),0) -> 0 | ... V80: =VLOOKUP($B80,INDIRECT($D80&"!$AG$1:$AY$66"),MATCH(V$1,INDIRECT($D80&"!$AG$1:$AY$1"),0),0) -> 0 | W80: =VLOOKUP($B80,INDIRECT($D80&"!$AG$1:$AY$66"),MATCH(W$2,INDIRECT($D80&"!$AG$1:$AY$1"),0),0) -> 200 | X80: =VLOOKUP($B80,INDIRECT($D80&"!$AG$1:$AY$66"),MATCH(X$1,INDIRECT($D80&"!$AG$1:$AY$1"),0),0) -> 全勤，年假 8小时(04/08 09:00-04/08 18:30)
A81: 7493471382633070611 | B81: 金云霞 | C81: 4 | D81: 武汉 | E81: 采购部 | F81: 45024 | G81: =VLOOKUP($B81,INDIRECT($D81&"!$AG$1:$AY$66"),MATCH(G$1,INDIRECT($D81&"!$AG$1:$AY$1"),0),0) -> 24 | H81: =VLOOKUP($B81,INDIRECT($D81&"!$AG$1:$AY$66"),MATCH(H$1,INDIRECT($D81&"!$AG$1:$AY$1"),0),0) -> 22.56 | I81: =VLOOKUP($B81,INDIRECT($D81&"!$AG$1:$AY$66"),MATCH(I$1,INDIRECT($D81&"!$AG$1:$AY$1"),0),0) -> 0 | J81: =VLOOKUP($B81,INDIRECT($D81&"!$AG$1:$AY$66"),MATCH(J$1,INDIRECT($D81&"!$AG$1:$AY$1"),0),0) -> 0 | K81: =VLOOKUP($B81,INDIRECT($D81&"!$AG$1:$AY$66"),MATCH(K$1,INDIRECT($D81&"!$AG$1:$AY$1"),0),0) -> 0 | L81: =VLOOKUP($B81,INDIRECT($D81&"!$AG$1:$AY$66"),MATCH(L$1,INDIRECT($D81&"!$AG$1:$AY$1"),0),0) -> 0 | M81: =VLOOKUP($B81,INDIRECT($D81&"!$AG$1:$AY$66"),MATCH(M$1,INDIRECT($D81&"!$AG$1:$AY$1"),0),0) -> 0.44 | N81: =VLOOKUP($B81,INDIRECT($D81&"!$AG$1:$AY$66"),MATCH(N$1,INDIRECT($D81&"!$AG$1:$AY$1"),0),0) -> 0 | ... V81: =VLOOKUP($B81,INDIRECT($D81&"!$AG$1:$AY$66"),MATCH(V$1,INDIRECT($D81&"!$AG$1:$AY$1"),0),0) -> 0 | W81: =VLOOKUP($B81,INDIRECT($D81&"!$AG$1:$AY$66"),MATCH(W$2,INDIRECT($D81&"!$AG$1:$AY$1"),0),0) -> 200 | X81: =VLOOKUP($B81,INDIRECT($D81&"!$AG$1:$AY$66"),MATCH(X$1,INDIRECT($D81&"!$AG$1:$AY$1"),0),0) -> 全勤，年假 3.5小时(04/27 09:00-04/27 12:30)
A82: 7542337246830002204 | B82: 朱青雨 | C82: 4 | D82: 武汉 | E82: 采购部 | F82: 45986 | G82: =VLOOKUP($B82,INDIRECT($D82&"!$AG$1:$AY$66"),MATCH(G$1,INDIRECT($D82&"!$AG$1:$AY$1"),0),0) -> 24 | H82: =VLOOKUP($B82,INDIRECT($D82&"!$AG$1:$AY$66"),MATCH(H$1,INDIRECT($D82&"!$AG$1:$AY$1"),0),0) -> 23 | I82: =VLOOKUP($B82,INDIRECT($D82&"!$AG$1:$AY$66"),MATCH(I$1,INDIRECT($D82&"!$AG$1:$AY$1"),0),0) -> 0 | J82: =VLOOKUP($B82,INDIRECT($D82&"!$AG$1:$AY$66"),MATCH(J$1,INDIRECT($D82&"!$AG$1:$AY$1"),0),0) -> 0 | K82: =VLOOKUP($B82,INDIRECT($D82&"!$AG$1:$AY$66"),MATCH(K$1,INDIRECT($D82&"!$AG$1:$AY$1"),0),0) -> 0 | L82: =VLOOKUP($B82,INDIRECT($D82&"!$AG$1:$AY$66"),MATCH(L$1,INDIRECT($D82&"!$AG$1:$AY$1"),0),0) -> 0 | M82: =VLOOKUP($B82,INDIRECT($D82&"!$AG$1:$AY$66"),MATCH(M$1,INDIRECT($D82&"!$AG$1:$AY$1"),0),0) -> 0 | N82: =VLOOKUP($B82,INDIRECT($D82&"!$AG$1:$AY$66"),MATCH(N$1,INDIRECT($D82&"!$AG$1:$AY$1"),0),0) -> 0 | ... V82: =VLOOKUP($B82,INDIRECT($D82&"!$AG$1:$AY$66"),MATCH(V$1,INDIRECT($D82&"!$AG$1:$AY$1"),0),0) -> 0 | W82: =VLOOKUP($B82,INDIRECT($D82&"!$AG$1:$AY$66"),MATCH(W$2,INDIRECT($D82&"!$AG$1:$AY$1"),0),0) -> 200 | X82: =VLOOKUP($B82,INDIRECT($D82&"!$AG$1:$AY$66"),MATCH(X$1,INDIRECT($D82&"!$AG$1:$AY$1"),0),0) -> 全勤
A83: 7493463151874768897 | B83: 李佩 | C83: 4 | D83: 武汉 | E83: 人力资源行政部 | F83: 43631 | G83: =VLOOKUP($B83,INDIRECT($D83&"!$AG$1:$AY$66"),MATCH(G$1,INDIRECT($D83&"!$AG$1:$AY$1"),0),0) -> 24 | H83: =VLOOKUP($B83,INDIRECT($D83&"!$AG$1:$AY$66"),MATCH(H$1,INDIRECT($D83&"!$AG$1:$AY$1"),0),0) -> 22.56 | I83: =VLOOKUP($B83,INDIRECT($D83&"!$AG$1:$AY$66"),MATCH(I$1,INDIRECT($D83&"!$AG$1:$AY$1"),0),0) -> 0 | J83: =VLOOKUP($B83,INDIRECT($D83&"!$AG$1:$AY$66"),MATCH(J$1,INDIRECT($D83&"!$AG$1:$AY$1"),0),0) -> 0 | K83: =VLOOKUP($B83,INDIRECT($D83&"!$AG$1:$AY$66"),MATCH(K$1,INDIRECT($D83&"!$AG$1:$AY$1"),0),0) -> 0 | L83: =VLOOKUP($B83,INDIRECT($D83&"!$AG$1:$AY$66"),MATCH(L$1,INDIRECT($D83&"!$AG$1:$AY$1"),0),0) -> 0 | M83: =VLOOKUP($B83,INDIRECT($D83&"!$AG$1:$AY$66"),MATCH(M$1,INDIRECT($D83&"!$AG$1:$AY$1"),0),0) -> 0.44 | N83: =VLOOKUP($B83,INDIRECT($D83&"!$AG$1:$AY$66"),MATCH(N$1,INDIRECT($D83&"!$AG$1:$AY$1"),0),0) -> 0 | ... V83: =VLOOKUP($B83,INDIRECT($D83&"!$AG$1:$AY$66"),MATCH(V$1,INDIRECT($D83&"!$AG$1:$AY$1"),0),0) -> 0 | W83: =VLOOKUP($B83,INDIRECT($D83&"!$AG$1:$AY$66"),MATCH(W$2,INDIRECT($D83&"!$AG$1:$AY$1"),0),0) -> 200 | X83: =VLOOKUP($B83,INDIRECT($D83&"!$AG$1:$AY$66"),MATCH(X$1,INDIRECT($D83&"!$AG$1:$AY$1"),0),0) -> 全勤，年假 3.5小时(04/18 15:00-04/18 18:30)
A84: 7494204437100167196 | B84: 马玉 | C84: 4 | D84: 武汉 | E84: 设计部 | F84: 45573 | G84: =VLOOKUP($B84,INDIRECT($D84&"!$AG$1:$AY$66"),MATCH(G$1,INDIRECT($D84&"!$AG$1:$AY$1"),0),0) -> 24 | H84: =VLOOKUP($B84,INDIRECT($D84&"!$AG$1:$AY$66"),MATCH(H$1,INDIRECT($D84&"!$AG$1:$AY$1"),0),0) -> 21 | I84: =VLOOKUP($B84,INDIRECT($D84&"!$AG$1:$AY$66"),MATCH(I$1,INDIRECT($D84&"!$AG$1:$AY$1"),0),0) -> 0 | J84: =VLOOKUP($B84,INDIRECT($D84&"!$AG$1:$AY$66"),MATCH(J$1,INDIRECT($D84&"!$AG$1:$AY$1"),0),0) -> 4 | K84: =VLOOKUP($B84,INDIRECT($D84&"!$AG$1:$AY$66"),MATCH(K$1,INDIRECT($D84&"!$AG$1:$AY$1"),0),0) -> 0 | L84: =VLOOKUP($B84,INDIRECT($D84&"!$AG$1:$AY$66"),MATCH(L$1,INDIRECT($D84&"!$AG$1:$AY$1"),0),0) -> 1 | M84: =VLOOKUP($B84,INDIRECT($D84&"!$AG$1:$AY$66"),MATCH(M$1,INDIRECT($D84&"!$AG$1:$AY$1"),0),0) -> 1 | N84: =VLOOKUP($B84,INDIRECT($D84&"!$AG$1:$AY$66"),MATCH(N$1,INDIRECT($D84&"!$AG$1:$AY$1"),0),0) -> 0 | ... V84: =VLOOKUP($B84,INDIRECT($D84&"!$AG$1:$AY$66"),MATCH(V$1,INDIRECT($D84&"!$AG$1:$AY$1"),0),0) -> 50 | W84: =VLOOKUP($B84,INDIRECT($D84&"!$AG$1:$AY$66"),MATCH(W$2,INDIRECT($D84&"!$AG$1:$AY$1"),0),0) -> 0 | X84: =VLOOKUP($B84,INDIRECT($D84&"!$AG$1:$AY$66"),MATCH(X$1,INDIRECT($D84&"!$AG$1:$AY$1"),0),0) -> 年假 8小时(04/02 09:00-04/02 18:30);事假 8小时(04/18 09:00-04/18 18:30)，缺卡累计4次，按人力行政制度月缺卡超3次需乐捐50元
A85: 7494204355027976194 | B85: 王小庆 | C85: 4 | D85: 武汉 | E85: 设计部 | F85: 45444 | G85: =VLOOKUP($B85,INDIRECT($D85&"!$AG$1:$AY$66"),MATCH(G$1,INDIRECT($D85&"!$AG$1:$AY$1"),0),0) -> 24 | H85: =VLOOKUP($B85,INDIRECT($D85&"!$AG$1:$AY$66"),MATCH(H$1,INDIRECT($D85&"!$AG$1:$AY$1"),0),0) -> 22.44 | I85: =VLOOKUP($B85,INDIRECT($D85&"!$AG$1:$AY$66"),MATCH(I$1,INDIRECT($D85&"!$AG$1:$AY$1"),0),0) -> 0 | J85: =VLOOKUP($B85,INDIRECT($D85&"!$AG$1:$AY$66"),MATCH(J$1,INDIRECT($D85&"!$AG$1:$AY$1"),0),0) -> 0 | K85: =VLOOKUP($B85,INDIRECT($D85&"!$AG$1:$AY$66"),MATCH(K$1,INDIRECT($D85&"!$AG$1:$AY$1"),0),0) -> 0 | L85: =VLOOKUP($B85,INDIRECT($D85&"!$AG$1:$AY$66"),MATCH(L$1,INDIRECT($D85&"!$AG$1:$AY$1"),0),0) -> 0 | M85: =VLOOKUP($B85,INDIRECT($D85&"!$AG$1:$AY$66"),MATCH(M$1,INDIRECT($D85&"!$AG$1:$AY$1"),0),0) -> 0.56 | N85: =VLOOKUP($B85,INDIRECT($D85&"!$AG$1:$AY$66"),MATCH(N$1,INDIRECT($D85&"!$AG$1:$AY$1"),0),0) -> 0 | ... V85: =VLOOKUP($B85,INDIRECT($D85&"!$AG$1:$AY$66"),MATCH(V$1,INDIRECT($D85&"!$AG$1:$AY$1"),0),0) -> 0 | W85: =VLOOKUP($B85,INDIRECT($D85&"!$AG$1:$AY$66"),MATCH(W$2,INDIRECT($D85&"!$AG$1:$AY$1"),0),0) -> 200 | X85: =VLOOKUP($B85,INDIRECT($D85&"!$AG$1:$AY$66"),MATCH(X$1,INDIRECT($D85&"!$AG$1:$AY$1"),0),0) -> 全勤，年假 4.5小时(04/27 14:00-04/27 18:30)
A86: 7493468011567775745 | B86: 胡家凤 | C86: 4 | D86: 武汉 | E86: 事业一部/项目四部 | F86: 43521 | G86: =VLOOKUP($B86,INDIRECT($D86&"!$AG$1:$AY$66"),MATCH(G$1,INDIRECT($D86&"!$AG$1:$AY$1"),0),0) -> 24 | H86: =VLOOKUP($B86,INDIRECT($D86&"!$AG$1:$AY$66"),MATCH(H$1,INDIRECT($D86&"!$AG$1:$AY$1"),0),0) -> 21.56 | I86: =VLOOKUP($B86,INDIRECT($D86&"!$AG$1:$AY$66"),MATCH(I$1,INDIRECT($D86&"!$AG$1:$AY$1"),0),0) -> 0 | J86: =VLOOKUP($B86,INDIRECT($D86&"!$AG$1:$AY$66"),MATCH(J$1,INDIRECT($D86&"!$AG$1:$AY$1"),0),0) -> 0 | K86: =VLOOKUP($B86,INDIRECT($D86&"!$AG$1:$AY$66"),MATCH(K$1,INDIRECT($D86&"!$AG$1:$AY$1"),0),0) -> 0 | L86: =VLOOKUP($B86,INDIRECT($D86&"!$AG$1:$AY$66"),MATCH(L$1,INDIRECT($D86&"!$AG$1:$AY$1"),0),0) -> 1 | M86: =VLOOKUP($B86,INDIRECT($D86&"!$AG$1:$AY$66"),MATCH(M$1,INDIRECT($D86&"!$AG$1:$AY$1"),0),0) -> 0.44 | N86: =VLOOKUP($B86,INDIRECT($D86&"!$AG$1:$AY$66"),MATCH(N$1,INDIRECT($D86&"!$AG$1:$AY$1"),0),0) -> 0 | ... V86: =VLOOKUP($B86,INDIRECT($D86&"!$AG$1:$AY$66"),MATCH(V$1,INDIRECT($D86&"!$AG$1:$AY$1"),0),0) -> 0 | W86: =VLOOKUP($B86,INDIRECT($D86&"!$AG$1:$AY$66"),MATCH(W$2,INDIRECT($D86&"!$AG$1:$AY$1"),0),0) -> 0 | X86: =VLOOKUP($B86,INDIRECT($D86&"!$AG$1:$AY$66"),MATCH(X$1,INDIRECT($D86&"!$AG$1:$AY$1"),0),0) -> 年假 3.5小时(04/17 09:00-04/17 12:30);事假 8小时(04/30 09:00-04/30 18:30)
A87: 7493472640210747420 | B87: 孔周玲 | C87: 4 | D87: 武汉 | E87: 事业一部/项目四部 | F87: 44754 | G87: =VLOOKUP($B87,INDIRECT($D87&"!$AG$1:$AY$66"),MATCH(G$1,INDIRECT($D87&"!$AG$1:$AY$1"),0),0) -> 24 | H87: =VLOOKUP($B87,INDIRECT($D87&"!$AG$1:$AY$66"),MATCH(H$1,INDIRECT($D87&"!$AG$1:$AY$1"),0),0) -> 23 | I87: =VLOOKUP($B87,INDIRECT($D87&"!$AG$1:$AY$66"),MATCH(I$1,INDIRECT($D87&"!$AG$1:$AY$1"),0),0) -> 0 | J87: =VLOOKUP($B87,INDIRECT($D87&"!$AG$1:$AY$66"),MATCH(J$1,INDIRECT($D87&"!$AG$1:$AY$1"),0),0) -> 0 | K87: =VLOOKUP($B87,INDIRECT($D87&"!$AG$1:$AY$66"),MATCH(K$1,INDIRECT($D87&"!$AG$1:$AY$1"),0),0) -> 0 | L87: =VLOOKUP($B87,INDIRECT($D87&"!$AG$1:$AY$66"),MATCH(L$1,INDIRECT($D87&"!$AG$1:$AY$1"),0),0) -> 0 | M87: =VLOOKUP($B87,INDIRECT($D87&"!$AG$1:$AY$66"),MATCH(M$1,INDIRECT($D87&"!$AG$1:$AY$1"),0),0) -> 0 | N87: =VLOOKUP($B87,INDIRECT($D87&"!$AG$1:$AY$66"),MATCH(N$1,INDIRECT($D87&"!$AG$1:$AY$1"),0),0) -> 0 | ... V87: =VLOOKUP($B87,INDIRECT($D87&"!$AG$1:$AY$66"),MATCH(V$1,INDIRECT($D87&"!$AG$1:$AY$1"),0),0) -> 0 | W87: =VLOOKUP($B87,INDIRECT($D87&"!$AG$1:$AY$66"),MATCH(W$2,INDIRECT($D87&"!$AG$1:$AY$1"),0),0) -> 200 | X87: =VLOOKUP($B87,INDIRECT($D87&"!$AG$1:$AY$66"),MATCH(X$1,INDIRECT($D87&"!$AG$1:$AY$1"),0),0) -> 全勤
... A95: 7494204467215089692 | B95: 吴雅丽 | C95: 4 | D95: 武汉 | E95: 事业四部/项目一部/精品四组 | F95: 43252 | G95: =VLOOKUP($B95,INDIRECT($D95&"!$AG$1:$AY$66"),MATCH(G$1,INDIRECT($D95&"!$AG$1:$AY$1"),0),0) -> 24 | H95: =VLOOKUP($B95,INDIRECT($D95&"!$AG$1:$AY$66"),MATCH(H$1,INDIRECT($D95&"!$AG$1:$AY$1"),0),0) -> 23 | I95: =VLOOKUP($B95,INDIRECT($D95&"!$AG$1:$AY$66"),MATCH(I$1,INDIRECT($D95&"!$AG$1:$AY$1"),0),0) -> 0 | J95: =VLOOKUP($B95,INDIRECT($D95&"!$AG$1:$AY$66"),MATCH(J$1,INDIRECT($D95&"!$AG$1:$AY$1"),0),0) -> 0 | K95: =VLOOKUP($B95,INDIRECT($D95&"!$AG$1:$AY$66"),MATCH(K$1,INDIRECT($D95&"!$AG$1:$AY$1"),0),0) -> 0 | L95: =VLOOKUP($B95,INDIRECT($D95&"!$AG$1:$AY$66"),MATCH(L$1,INDIRECT($D95&"!$AG$1:$AY$1"),0),0) -> 0 | M95: =VLOOKUP($B95,INDIRECT($D95&"!$AG$1:$AY$66"),MATCH(M$1,INDIRECT($D95&"!$AG$1:$AY$1"),0),0) -> 0 | N95: =VLOOKUP($B95,INDIRECT($D95&"!$AG$1:$AY$66"),MATCH(N$1,INDIRECT($D95&"!$AG$1:$AY$1"),0),0) -> 0 | ... V95: =VLOOKUP($B95,INDIRECT($D95&"!$AG$1:$AY$66"),MATCH(V$1,INDIRECT($D95&"!$AG$1:$AY$1"),0),0) -> 0 | W95: =VLOOKUP($B95,INDIRECT($D95&"!$AG$1:$AY$66"),MATCH(W$2,INDIRECT($D95&"!$AG$1:$AY$1"),0),0) -> 200 | X95: =VLOOKUP($B95,INDIRECT($D95&"!$AG$1:$AY$66"),MATCH(X$1,INDIRECT($D95&"!$AG$1:$AY$1"),0),0) -> 全勤
A96: 7621365517504220370 | B96: 杨宇杰 | C96: 4 | D96: 武汉 | E96: 事业四部/项目一部/精品四组 | G96: =VLOOKUP($B96,INDIRECT($D96&"!$AG$1:$AY$66"),MATCH(G$1,INDIRECT($D96&"!$AG$1:$AY$1"),0),0) -> 24 | H96: =VLOOKUP($B96,INDIRECT($D96&"!$AG$1:$AY$66"),MATCH(H$1,INDIRECT($D96&"!$AG$1:$AY$1"),0),0) -> 23 | I96: =VLOOKUP($B96,INDIRECT($D96&"!$AG$1:$AY$66"),MATCH(I$1,INDIRECT($D96&"!$AG$1:$AY$1"),0),0) -> 0 | J96: =VLOOKUP($B96,INDIRECT($D96&"!$AG$1:$AY$66"),MATCH(J$1,INDIRECT($D96&"!$AG$1:$AY$1"),0),0) -> 0 | K96: =VLOOKUP($B96,INDIRECT($D96&"!$AG$1:$AY$66"),MATCH(K$1,INDIRECT($D96&"!$AG$1:$AY$1"),0),0) -> 0 | L96: =VLOOKUP($B96,INDIRECT($D96&"!$AG$1:$AY$66"),MATCH(L$1,INDIRECT($D96&"!$AG$1:$AY$1"),0),0) -> 0 | M96: =VLOOKUP($B96,INDIRECT($D96&"!$AG$1:$AY$66"),MATCH(M$1,INDIRECT($D96&"!$AG$1:$AY$1"),0),0) -> 0 | N96: =VLOOKUP($B96,INDIRECT($D96&"!$AG$1:$AY$66"),MATCH(N$1,INDIRECT($D96&"!$AG$1:$AY$1"),0),0) -> 0 | ... V96: =VLOOKUP($B96,INDIRECT($D96&"!$AG$1:$AY$66"),MATCH(V$1,INDIRECT($D96&"!$AG$1:$AY$1"),0),0) -> 0 | W96: =VLOOKUP($B96,INDIRECT($D96&"!$AG$1:$AY$66"),MATCH(W$2,INDIRECT($D96&"!$AG$1:$AY$1"),0),0) -> 200 | X96: =VLOOKUP($B96,INDIRECT($D96&"!$AG$1:$AY$66"),MATCH(X$1,INDIRECT($D96&"!$AG$1:$AY$1"),0),0) -> 全勤
A97: 7622850969063247044 | B97: 董雪彬 | C97: 4 | D97: 武汉 | E97: 事业六部/项目六部 | G97: =VLOOKUP($B97,INDIRECT($D97&"!$AG$1:$AY$66"),MATCH(G$1,INDIRECT($D97&"!$AG$1:$AY$1"),0),0) -> 24 | H97: =VLOOKUP($B97,INDIRECT($D97&"!$AG$1:$AY$66"),MATCH(H$1,INDIRECT($D97&"!$AG$1:$AY$1"),0),0) -> 23 | I97: =VLOOKUP($B97,INDIRECT($D97&"!$AG$1:$AY$66"),MATCH(I$1,INDIRECT($D97&"!$AG$1:$AY$1"),0),0) -> 0 | J97: =VLOOKUP($B97,INDIRECT($D97&"!$AG$1:$AY$66"),MATCH(J$1,INDIRECT($D97&"!$AG$1:$AY$1"),0),0) -> 0 | K97: =VLOOKUP($B97,INDIRECT($D97&"!$AG$1:$AY$66"),MATCH(K$1,INDIRECT($D97&"!$AG$1:$AY$1"),0),0) -> 0 | L97: =VLOOKUP($B97,INDIRECT($D97&"!$AG$1:$AY$66"),MATCH(L$1,INDIRECT($D97&"!$AG$1:$AY$1"),0),0) -> 0 | M97: =VLOOKUP($B97,INDIRECT($D97&"!$AG$1:$AY$66"),MATCH(M$1,INDIRECT($D97&"!$AG$1:$AY$1"),0),0) -> 0 | N97: =VLOOKUP($B97,INDIRECT($D97&"!$AG$1:$AY$66"),MATCH(N$1,INDIRECT($D97&"!$AG$1:$AY$1"),0),0) -> 0 | ... V97: =VLOOKUP($B97,INDIRECT($D97&"!$AG$1:$AY$66"),MATCH(V$1,INDIRECT($D97&"!$AG$1:$AY$1"),0),0) -> 0 | W97: =VLOOKUP($B97,INDIRECT($D97&"!$AG$1:$AY$66"),MATCH(W$2,INDIRECT($D97&"!$AG$1:$AY$1"),0),0) -> 200 | X97: =VLOOKUP($B97,INDIRECT($D97&"!$AG$1:$AY$66"),MATCH(X$1,INDIRECT($D97&"!$AG$1:$AY$1"),0),0) -> 全勤
A98: 7497147034415038465 | B98: 肖林怡 | C98: 4 | D98: 长沙 | E98: 事业六部/项目三部 | F98: 45809 | G98: =VLOOKUP($B98,INDIRECT($D98&"!$AG$1:$AY$66"),MATCH(G$1,INDIRECT($D98&"!$AG$1:$AY$1"),0),0) -> 24 | H98: =VLOOKUP($B98,INDIRECT($D98&"!$AG$1:$AY$66"),MATCH(H$1,INDIRECT($D98&"!$AG$1:$AY$1"),0),0) -> 23 | I98: =VLOOKUP($B98,INDIRECT($D98&"!$AG$1:$AY$66"),MATCH(I$1,INDIRECT($D98&"!$AG$1:$AY$1"),0),0) -> 0 | J98: =VLOOKUP($B98,INDIRECT($D98&"!$AG$1:$AY$66"),MATCH(J$1,INDIRECT($D98&"!$AG$1:$AY$1"),0),0) -> 0 | K98: =VLOOKUP($B98,INDIRECT($D98&"!$AG$1:$AY$66"),MATCH(K$1,INDIRECT($D98&"!$AG$1:$AY$1"),0),0) -> 0 | L98: =VLOOKUP($B98,INDIRECT($D98&"!$AG$1:$AY$66"),MATCH(L$1,INDIRECT($D98&"!$AG$1:$AY$1"),0),0) -> 0 | M98: =VLOOKUP($B98,INDIRECT($D98&"!$AG$1:$AY$66"),MATCH(M$1,INDIRECT($D98&"!$AG$1:$AY$1"),0),0) -> 0 | N98: =VLOOKUP($B98,INDIRECT($D98&"!$AG$1:$AY$66"),MATCH(N$1,INDIRECT($D98&"!$AG$1:$AY$1"),0),0) -> 0 | ... V98: =VLOOKUP($B98,INDIRECT($D98&"!$AG$1:$AY$66"),MATCH(V$1,INDIRECT($D98&"!$AG$1:$AY$1"),0),0) -> 0 | W98: =VLOOKUP($B98,INDIRECT($D98&"!$AG$1:$AY$66"),MATCH(W$2,INDIRECT($D98&"!$AG$1:$AY$1"),0),0) -> 200 | X98: =VLOOKUP($B98,INDIRECT($D98&"!$AG$1:$AY$66"),MATCH(X$1,INDIRECT($D98&"!$AG$1:$AY$1"),0),0) -> 全勤
A99: 7497145357098090515 | B99: 李娇 | C99: 4 | D99: 长沙 | E99: 事业六部/项目三部 | F99: 45748 | G99: =VLOOKUP($B99,INDIRECT($D99&"!$AG$1:$AY$66"),MATCH(G$1,INDIRECT($D99&"!$AG$1:$AY$1"),0),0) -> 24 | H99: =VLOOKUP($B99,INDIRECT($D99&"!$AG$1:$AY$66"),MATCH(H$1,INDIRECT($D99&"!$AG$1:$AY$1"),0),0) -> 23 | I99: =VLOOKUP($B99,INDIRECT($D99&"!$AG$1:$AY$66"),MATCH(I$1,INDIRECT($D99&"!$AG$1:$AY$1"),0),0) -> 0 | J99: =VLOOKUP($B99,INDIRECT($D99&"!$AG$1:$AY$66"),MATCH(J$1,INDIRECT($D99&"!$AG$1:$AY$1"),0),0) -> 0 | K99: =VLOOKUP($B99,INDIRECT($D99&"!$AG$1:$AY$66"),MATCH(K$1,INDIRECT($D99&"!$AG$1:$AY$1"),0),0) -> 0 | L99: =VLOOKUP($B99,INDIRECT($D99&"!$AG$1:$AY$66"),MATCH(L$1,INDIRECT($D99&"!$AG$1:$AY$1"),0),0) -> 0 | M99: =VLOOKUP($B99,INDIRECT($D99&"!$AG$1:$AY$66"),MATCH(M$1,INDIRECT($D99&"!$AG$1:$AY$1"),0),0) -> 0 | N99: =VLOOKUP($B99,INDIRECT($D99&"!$AG$1:$AY$66"),MATCH(N$1,INDIRECT($D99&"!$AG$1:$AY$1"),0),0) -> 0 | ... V99: =VLOOKUP($B99,INDIRECT($D99&"!$AG$1:$AY$66"),MATCH(V$1,INDIRECT($D99&"!$AG$1:$AY$1"),0),0) -> 0 | W99: =VLOOKUP($B99,INDIRECT($D99&"!$AG$1:$AY$66"),MATCH(W$2,INDIRECT($D99&"!$AG$1:$AY$1"),0),0) -> 200 | X99: =VLOOKUP($B99,INDIRECT($D99&"!$AG$1:$AY$66"),MATCH(X$1,INDIRECT($D99&"!$AG$1:$AY$1"),0),0) -> 全勤
A100: 7496725650204672019 | B100: 罗滨 | C100: 4 | D100: 深圳 | E100: 股东会 | F100: 42307 | G100: 24 | H100: 23 | T100: 1 | U100: 24
A101: 7494098737261248531 | B101: 罗鑫 | C101: 4 | D101: 深圳 | E101: 股东会 | F101: 42430 | G101: 24 | H101: 23 | T101: 1 | U101: 24
A102: 7494498077590454274 | B102: 罗珊 | C102: 4 | D102: 深圳 | E102: 财务部 | F102: 42307 | G102: 24 | H102: 23 | T102: 1 | U102: 24
B103: 许凌云 | C103: 4 | D103: 深圳 | E103: 股东会 | F103: 42368 | G103: 24 | H103: 23 | T103: 1 | U103: 24
A104: 7498954179145105411 | B104: 王朋 | C104: 4 | D104: 深圳 | E104: 事业三部/项目八部 | F104: 43739 | G104: 24 | H104: 23 | T104: 1 | U104: 24 | W104: 200 | X104: 全勤
A105: 7494538783617581060 | B105: 吴伟君 | C105: 4 | D105: 深圳 | E105: 服务部 | F105: 44873 | G105: 24 | H105: 23 | T105: 1 | U105: 24
B106: 王杏花 | C106: 4 | D106: 深圳 | E106: 保洁 | G106: 24 | H106: 23 | T106: 1 | U106: 24
B107: 林玉 | C107: 4 | D107: 深圳 | E107: / | G107: 24 | H107: 23 | T107: 1 | U107: 24
B108: 许杰伍 | C108: 4 | D108: 深圳 | E108: / | G108: 24 | H108: 23 | T108: 1 | U108: 24
A109: 7493462600429862915 | B109: 王红明 | C109: 4 | D109: 武汉 | E109: 事业一部/项目四部 | F109: 43435 | G109: 24 | H109: 23 | T109: 1 | U109: 24 | W109: 200 | X109: 全勤；代扣刘连云基础工资2010元
B110: 刘连云 | C110: 4 | D110: 武汉 | E110: / | G110: 24 | H110: 23 | T110: 1 | U110: 24 | X110: 基础工资2010元，缴纳社保费单位和个人部分1621.79元由公司承担，基础工资2010从王红明工资里代扣
A111: 7494216929247313921 | B111: 文再文 | C111: 4 | D111: 广州 | E111: 软件部 | F111: 43671 | G111: 24 | H111: 23 | T111: 1 | U111: 24
A112: 7494215519933300755 | B112: 夏笑声 | C112: 4 | D112: 广州 | E112: 软件部 | F112: 43864 | G112: 24 | H112: 23 | T112: 1 | U112: 24
A113: 7494102974101569540 | B113: 黄伟胜 | C113: 4 | D113: 广州 | E113: 软件部 | F113: 45444 | G113: 24 | H113: 23 | T113: 1 | U113: 24

Sheet 4月考勤汇总表
A1: 序号 | B1: 姓名 | C1: 月份 | D1: 区域 | E1: 部门 | F1: 转正时间 | G1: 应出勤天数 | H1: 实出勤天数 | I1: 迟到/早退时长(分钟） | J1: 缺卡次数 | K1: 旷工/天 | L1: 事假/天 | M1: 年假/天 | N1: 病假/天 | O1: 丧假/天 | P1: 婚假/天 | Q1: 产假/天 | R1: 调休/天 | S1: 加班/天 | T1: 法定节假日/天 | U1: 计薪天数 | V1: 乐捐/元 | W1: 补贴部分 | X1: 扣款部分 | AA1: 备注 | AB1: 加班总时长/小时
W2: 全勤奖（元） | X2: 社保 | Y2: 公积金 | Z2: 水电费
A3: 1 | B3: 熊文文 | C3: 4 | D3: 深圳 | E3: 财务部 | F3: 44552 | G3: =VLOOKUP($B3,INDIRECT($D3&"!$AG$1:$AY$66"),MATCH(G$1,INDIRECT($D3&"!$AG$1:$AY$1"),0),0) -> 24 | H3: =VLOOKUP($B3,INDIRECT($D3&"!$AG$1:$AY$66"),MATCH(H$1,INDIRECT($D3&"!$AG$1:$AY$1"),0),0) -> 22 | I3: =VLOOKUP($B3,INDIRECT($D3&"!$AG$1:$AY$66"),MATCH(I$1,INDIRECT($D3&"!$AG$1:$AY$1"),0),0) -> 0 | J3: =VLOOKUP($B3,INDIRECT($D3&"!$AG$1:$AY$66"),MATCH(J$1,INDIRECT($D3&"!$AG$1:$AY$1"),0),0) -> 0 | K3: =VLOOKUP($B3,INDIRECT($D3&"!$AG$1:$AY$66"),MATCH(K$1,INDIRECT($D3&"!$AG$1:$AY$1"),0),0) -> 0 | L3: =VLOOKUP($B3,INDIRECT($D3&"!$AG$1:$AY$66"),MATCH(L$1,INDIRECT($D3&"!$AG$1:$AY$1"),0),0) -> 0 | M3: =VLOOKUP($B3,INDIRECT($D3&"!$AG$1:$AY$66"),MATCH(M$1,INDIRECT($D3&"!$AG$1:$AY$1"),0),0) -> 1 | N3: =VLOOKUP($B3,INDIRECT($D3&"!$AG$1:$AY$66"),MATCH(N$1,INDIRECT($D3&"!$AG$1:$AY$1"),0),0) -> 0 | ... V3: =VLOOKUP($B3,INDIRECT($D3&"!$AG$1:$AY$66"),MATCH(V$1,INDIRECT($D3&"!$AG$1:$AY$1"),0),0) -> 0 | W3: =VLOOKUP($B3,INDIRECT($D3&"!$AG$1:$AY$66"),MATCH(W$2,INDIRECT($D3&"!$AG$1:$AY$1"),0),0) -> 200 | X3: =IFERROR(_xlfn.XLOOKUP($B3,社保汇总表!B:B,社保汇总表!G:G),0) -> 420.68 | Y3: =VLOOKUP($B3,公积金汇总表!$P:$Q,2,0) -> 118 | AA3: =VLOOKUP($B3,INDIRECT($D3&"!$AG$1:$AZ$66"),MATCH(AA$1,INDIRECT($D3&"!$AG$1:$AZ$1"),0),0) -> 全勤，年假 8小时(04/20 09:00-04/20 18:30) | AB3: =VLOOKUP($B3,INDIRECT($D3&"!$AG$1:$AZ$66"),MATCH(AB$1,INDIRECT($D3&"!$AG$1:$AZ$1"),0),0) -> 20
A4: 2 | B4: 陈春叶 | C4: 4 | D4: 深圳 | E4: 财务部 | F4: 45727 | G4: =VLOOKUP($B4,INDIRECT($D4&"!$AG$1:$AY$66"),MATCH(G$1,INDIRECT($D4&"!$AG$1:$AY$1"),0),0) -> 24 | H4: =VLOOKUP($B4,INDIRECT($D4&"!$AG$1:$AY$66"),MATCH(H$1,INDIRECT($D4&"!$AG$1:$AY$1"),0),0) -> 22 | I4: =VLOOKUP($B4,INDIRECT($D4&"!$AG$1:$AY$66"),MATCH(I$1,INDIRECT($D4&"!$AG$1:$AY$1"),0),0) -> 0 | J4: =VLOOKUP($B4,INDIRECT($D4&"!$AG$1:$AY$66"),MATCH(J$1,INDIRECT($D4&"!$AG$1:$AY$1"),0),0) -> 0 | K4: =VLOOKUP($B4,INDIRECT($D4&"!$AG$1:$AY$66"),MATCH(K$1,INDIRECT($D4&"!$AG$1:$AY$1"),0),0) -> 0 | L4: =VLOOKUP($B4,INDIRECT($D4&"!$AG$1:$AY$66"),MATCH(L$1,INDIRECT($D4&"!$AG$1:$AY$1"),0),0) -> 0 | M4: =VLOOKUP($B4,INDIRECT($D4&"!$AG$1:$AY$66"),MATCH(M$1,INDIRECT($D4&"!$AG$1:$AY$1"),0),0) -> 1 | N4: =VLOOKUP($B4,INDIRECT($D4&"!$AG$1:$AY$66"),MATCH(N$1,INDIRECT($D4&"!$AG$1:$AY$1"),0),0) -> 0 | ... V4: =VLOOKUP($B4,INDIRECT($D4&"!$AG$1:$AY$66"),MATCH(V$1,INDIRECT($D4&"!$AG$1:$AY$1"),0),0) -> 0 | W4: =VLOOKUP($B4,INDIRECT($D4&"!$AG$1:$AY$66"),MATCH(W$2,INDIRECT($D4&"!$AG$1:$AY$1"),0),0) -> 200 | X4: =IFERROR(_xlfn.XLOOKUP($B4,社保汇总表!B:B,社保汇总表!G:G),0) -> 420.68 | Y4: =VLOOKUP($B4,公积金汇总表!$P:$Q,2,0) -> 118 | AA4: =VLOOKUP($B4,INDIRECT($D4&"!$AG$1:$AY$66"),MATCH(AA$1,INDIRECT($D4&"!$AG$1:$AY$1"),0),0) -> 全勤，外出 4.5小时(04/03 14:00-04/03 18:30);外出 6.5小时(04/22 12:00-04/22 18:30);年假 8小时(04/24 09:00-04/24 18:30) | AB4: =VLOOKUP($B4,INDIRECT($D4&"!$AG$1:$AZ$66"),MATCH(AB$1,INDIRECT($D4&"!$AG$1:$AZ$1"),0),0) -> 0
A5: 3 | B5: 罗倩 | C5: 4 | D5: 深圳 | E5: 财务部 | F5: 46134 | G5: =VLOOKUP($B5,INDIRECT($D5&"!$AG$1:$AY$66"),MATCH(G$1,INDIRECT($D5&"!$AG$1:$AY$1"),0),0) -> 24 | H5: =VLOOKUP($B5,INDIRECT($D5&"!$AG$1:$AY$66"),MATCH(H$1,INDIRECT($D5&"!$AG$1:$AY$1"),0),0) -> 23 | I5: =VLOOKUP($B5,INDIRECT($D5&"!$AG$1:$AY$66"),MATCH(I$1,INDIRECT($D5&"!$AG$1:$AY$1"),0),0) -> 0 | J5: =VLOOKUP($B5,INDIRECT($D5&"!$AG$1:$AY$66"),MATCH(J$1,INDIRECT($D5&"!$AG$1:$AY$1"),0),0) -> 0 | K5: =VLOOKUP($B5,INDIRECT($D5&"!$AG$1:$AY$66"),MATCH(K$1,INDIRECT($D5&"!$AG$1:$AY$1"),0),0) -> 0 | L5: =VLOOKUP($B5,INDIRECT($D5&"!$AG$1:$AY$66"),MATCH(L$1,INDIRECT($D5&"!$AG$1:$AY$1"),0),0) -> 0 | M5: =VLOOKUP($B5,INDIRECT($D5&"!$AG$1:$AY$66"),MATCH(M$1,INDIRECT($D5&"!$AG$1:$AY$1"),0),0) -> 0 | N5: =VLOOKUP($B5,INDIRECT($D5&"!$AG$1:$AY$66"),MATCH(N$1,INDIRECT($D5&"!$AG$1:$AY$1"),0),0) -> 0 | ... V5: =VLOOKUP($B5,INDIRECT($D5&"!$AG$1:$AY$66"),MATCH(V$1,INDIRECT($D5&"!$AG$1:$AY$1"),0),0) -> 0 | W5: =VLOOKUP($B5,INDIRECT($D5&"!$AG$1:$AY$66"),MATCH(W$2,INDIRECT($D5&"!$AG$1:$AY$1"),0),0) -> 200 | X5: =IFERROR(_xlfn.XLOOKUP($B5,社保汇总表!B:B,社保汇总表!G:G),0) -> 521.58 | Y5: =VLOOKUP($B5,公积金汇总表!$P:$Q,2,0) -> 126 | AA5: =VLOOKUP($B5,INDIRECT($D5&"!$AG$1:$AY$66"),MATCH(AA$1,INDIRECT($D5&"!$AG$1:$AY$1"),0),0) -> 全勤，外出 1.5小时(04/28 10:30-04/28 12:00) | AB5: =VLOOKUP($B5,INDIRECT($D5&"!$AG$1:$AZ$66"),MATCH(AB$1,INDIRECT($D5&"!$AG$1:$AZ$1"),0),0) -> 18.5
A6: 4 | B6: 李佳凤 | C6: 4 | D6: 深圳 | E6: 财务部 | G6: =VLOOKUP($B6,INDIRECT($D6&"!$AG$1:$AY$66"),MATCH(G$1,INDIRECT($D6&"!$AG$1:$AY$1"),0),0) -> 24 | H6: =VLOOKUP($B6,INDIRECT($D6&"!$AG$1:$AY$66"),MATCH(H$1,INDIRECT($D6&"!$AG$1:$AY$1"),0),0) -> 23 | I6: =VLOOKUP($B6,INDIRECT($D6&"!$AG$1:$AY$66"),MATCH(I$1,INDIRECT($D6&"!$AG$1:$AY$1"),0),0) -> 0 | J6: =VLOOKUP($B6,INDIRECT($D6&"!$AG$1:$AY$66"),MATCH(J$1,INDIRECT($D6&"!$AG$1:$AY$1"),0),0) -> 0 | K6: =VLOOKUP($B6,INDIRECT($D6&"!$AG$1:$AY$66"),MATCH(K$1,INDIRECT($D6&"!$AG$1:$AY$1"),0),0) -> 0 | L6: =VLOOKUP($B6,INDIRECT($D6&"!$AG$1:$AY$66"),MATCH(L$1,INDIRECT($D6&"!$AG$1:$AY$1"),0),0) -> 0 | M6: =VLOOKUP($B6,INDIRECT($D6&"!$AG$1:$AY$66"),MATCH(M$1,INDIRECT($D6&"!$AG$1:$AY$1"),0),0) -> 0 | N6: =VLOOKUP($B6,INDIRECT($D6&"!$AG$1:$AY$66"),MATCH(N$1,INDIRECT($D6&"!$AG$1:$AY$1"),0),0) -> 0 | ... V6: =VLOOKUP($B6,INDIRECT($D6&"!$AG$1:$AY$66"),MATCH(V$1,INDIRECT($D6&"!$AG$1:$AY$1"),0),0) -> 0 | W6: =VLOOKUP($B6,INDIRECT($D6&"!$AG$1:$AY$66"),MATCH(W$2,INDIRECT($D6&"!$AG$1:$AY$1"),0),0) -> 200 | X6: =IFERROR(_xlfn.XLOOKUP($B6,社保汇总表!B:B,社保汇总表!G:G),0) -> 420.68 | Y6: =VLOOKUP($B6,公积金汇总表!$P:$Q,2,0) -> 126 | AA6: =VLOOKUP($B6,INDIRECT($D6&"!$AG$1:$AY$66"),MATCH(AA$1,INDIRECT($D6&"!$AG$1:$AY$1"),0),0) -> 全勤 | AB6: =VLOOKUP($B6,INDIRECT($D6&"!$AG$1:$AZ$66"),MATCH(AB$1,INDIRECT($D6&"!$AG$1:$AZ$1"),0),0) -> 5
A7: 5 | B7: 李思思 | C7: 4 | D7: 深圳 | E7: 财务部 | F7: 46113 | G7: =VLOOKUP($B7,INDIRECT($D7&"!$AG$1:$AY$66"),MATCH(G$1,INDIRECT($D7&"!$AG$1:$AY$1"),0),0) -> 24 | H7: =VLOOKUP($B7,INDIRECT($D7&"!$AG$1:$AY$66"),MATCH(H$1,INDIRECT($D7&"!$AG$1:$AY$1"),0),0) -> 23 | I7: =VLOOKUP($B7,INDIRECT($D7&"!$AG$1:$AY$66"),MATCH(I$1,INDIRECT($D7&"!$AG$1:$AY$1"),0),0) -> 0 | J7: =VLOOKUP($B7,INDIRECT($D7&"!$AG$1:$AY$66"),MATCH(J$1,INDIRECT($D7&"!$AG$1:$AY$1"),0),0) -> 0 | K7: =VLOOKUP($B7,INDIRECT($D7&"!$AG$1:$AY$66"),MATCH(K$1,INDIRECT($D7&"!$AG$1:$AY$1"),0),0) -> 0 | L7: =VLOOKUP($B7,INDIRECT($D7&"!$AG$1:$AY$66"),MATCH(L$1,INDIRECT($D7&"!$AG$1:$AY$1"),0),0) -> 0 | M7: =VLOOKUP($B7,INDIRECT($D7&"!$AG$1:$AY$66"),MATCH(M$1,INDIRECT($D7&"!$AG$1:$AY$1"),0),0) -> 0 | N7: =VLOOKUP($B7,INDIRECT($D7&"!$AG$1:$AY$66"),MATCH(N$1,INDIRECT($D7&"!$AG$1:$AY$1"),0),0) -> 0 | ... V7: =VLOOKUP($B7,INDIRECT($D7&"!$AG$1:$AY$66"),MATCH(V$1,INDIRECT($D7&"!$AG$1:$AY$1"),0),0) -> 0 | W7: =VLOOKUP($B7,INDIRECT($D7&"!$AG$1:$AY$66"),MATCH(W$2,INDIRECT($D7&"!$AG$1:$AY$1"),0),0) -> 200 | X7: =IFERROR(_xlfn.XLOOKUP($B7,社保汇总表!B:B,社保汇总表!G:G),0) -> 420.68 | Y7: =VLOOKUP($B7,公积金汇总表!$P:$Q,2,0) -> 126 | AA7: =VLOOKUP($B7,INDIRECT($D7&"!$AG$1:$AY$66"),MATCH(AA$1,INDIRECT($D7&"!$AG$1:$AY$1"),0),0) -> 全勤，外出 6.5小时(04/22 12:00-04/22 18:30) | AB7: =VLOOKUP($B7,INDIRECT($D7&"!$AG$1:$AZ$66"),MATCH(AB$1,INDIRECT($D7&"!$AG$1:$AZ$1"),0),0) -> 2
A8: 6 | B8: 邓茗霞 | C8: 4 | D8: 深圳 | E8: 采购部 | F8: 44732 | G8: =VLOOKUP($B8,INDIRECT($D8&"!$AG$1:$AY$66"),MATCH(G$1,INDIRECT($D8&"!$AG$1:$AY$1"),0),0) -> 24 | H8: =VLOOKUP($B8,INDIRECT($D8&"!$AG$1:$AY$66"),MATCH(H$1,INDIRECT($D8&"!$AG$1:$AY$1"),0),0) -> 22 | I8: =VLOOKUP($B8,INDIRECT($D8&"!$AG$1:$AY$66"),MATCH(I$1,INDIRECT($D8&"!$AG$1:$AY$1"),0),0) -> 5 | J8: =VLOOKUP($B8,INDIRECT($D8&"!$AG$1:$AY$66"),MATCH(J$1,INDIRECT($D8&"!$AG$1:$AY$1"),0),0) -> 0 | K8: =VLOOKUP($B8,INDIRECT($D8&"!$AG$1:$AY$66"),MATCH(K$1,INDIRECT($D8&"!$AG$1:$AY$1"),0),0) -> 0 | L8: =VLOOKUP($B8,INDIRECT($D8&"!$AG$1:$AY$66"),MATCH(L$1,INDIRECT($D8&"!$AG$1:$AY$1"),0),0) -> 0.44 | M8: =VLOOKUP($B8,INDIRECT($D8&"!$AG$1:$AY$66"),MATCH(M$1,INDIRECT($D8&"!$AG$1:$AY$1"),0),0) -> 0.56 | N8: =VLOOKUP($B8,INDIRECT($D8&"!$AG$1:$AY$66"),MATCH(N$1,INDIRECT($D8&"!$AG$1:$AY$1"),0),0) -> 0 | ... V8: =VLOOKUP($B8,INDIRECT($D8&"!$AG$1:$AY$66"),MATCH(V$1,INDIRECT($D8&"!$AG$1:$AY$1"),0),0) -> 0 | W8: =VLOOKUP($B8,INDIRECT($D8&"!$AG$1:$AY$66"),MATCH(W$2,INDIRECT($D8&"!$AG$1:$AY$1"),0),0) -> 0 | X8: =IFERROR(_xlfn.XLOOKUP($B8,社保汇总表!B:B,社保汇总表!G:G),0) -> 420.68 | Y8: =VLOOKUP($B8,公积金汇总表!$P:$Q,2,0) -> 118 | AA8: =VLOOKUP($B8,INDIRECT($D8&"!$AG$1:$AY$66"),MATCH(AA$1,INDIRECT($D8&"!$AG$1:$AY$1"),0),0) -> 事假 3.5小时(04/04 09:00-04/04 12:30);年假 4.5小时(04/10 14:00-04/10 18:30)，迟到2次共5分钟 | AB8: =VLOOKUP($B8,INDIRECT($D8&"!$AG$1:$AZ$66"),MATCH(AB$1,INDIRECT($D8&"!$AG$1:$AZ$1"),0),0) -> 0
A9: 7 | B9: 张丽玲 | C9: 4 | D9: 深圳 | E9: 采购部 | F9: 44739 | G9: =VLOOKUP($B9,INDIRECT($D9&"!$AG$1:$AY$66"),MATCH(G$1,INDIRECT($D9&"!$AG$1:$AY$1"),0),0) -> 24 | H9: =VLOOKUP($B9,INDIRECT($D9&"!$AG$1:$AY$66"),MATCH(H$1,INDIRECT($D9&"!$AG$1:$AY$1"),0),0) -> 22.44 | I9: =VLOOKUP($B9,INDIRECT($D9&"!$AG$1:$AY$66"),MATCH(I$1,INDIRECT($D9&"!$AG$1:$AY$1"),0),0) -> 0 | J9: =VLOOKUP($B9,INDIRECT($D9&"!$AG$1:$AY$66"),MATCH(J$1,INDIRECT($D9&"!$AG$1:$AY$1"),0),0) -> 0 | K9: =VLOOKUP($B9,INDIRECT($D9&"!$AG$1:$AY$66"),MATCH(K$1,INDIRECT($D9&"!$AG$1:$AY$1"),0),0) -> 0 | L9: =VLOOKUP($B9,INDIRECT($D9&"!$AG$1:$AY$66"),MATCH(L$1,INDIRECT($D9&"!$AG$1:$AY$1"),0),0) -> 0.56 | M9: =VLOOKUP($B9,INDIRECT($D9&"!$AG$1:$AY$66"),MATCH(M$1,INDIRECT($D9&"!$AG$1:$AY$1"),0),0) -> 0 | N9: =VLOOKUP($B9,INDIRECT($D9&"!$AG$1:$AY$66"),MATCH(N$1,INDIRECT($D9&"!$AG$1:$AY$1"),0),0) -> 0 | ... V9: =VLOOKUP($B9,INDIRECT($D9&"!$AG$1:$AY$66"),MATCH(V$1,INDIRECT($D9&"!$AG$1:$AY$1"),0),0) -> 0 | W9: =VLOOKUP($B9,INDIRECT($D9&"!$AG$1:$AY$66"),MATCH(W$2,INDIRECT($D9&"!$AG$1:$AY$1"),0),0) -> 0 | X9: =IFERROR(_xlfn.XLOOKUP($B9,社保汇总表!B:B,社保汇总表!G:G),0) -> 420.68 | Y9: =VLOOKUP($B9,公积金汇总表!$P:$Q,2,0) -> 118 | AA9: =VLOOKUP($B9,INDIRECT($D9&"!$AG$1:$AY$66"),MATCH(AA$1,INDIRECT($D9&"!$AG$1:$AY$1"),0),0) -> 事假 4.5小时(04/04 14:00-04/04 18:30) | AB9: =VLOOKUP($B9,INDIRECT($D9&"!$AG$1:$AZ$66"),MATCH(AB$1,INDIRECT($D9&"!$AG$1:$AZ$1"),0),0) -> 1
A10: 8 | B10: 施晓珊 | C10: 4 | D10: 深圳 | E10: 采购部 | F10: 46085 | G10: =VLOOKUP($B10,INDIRECT($D10&"!$AG$1:$AY$66"),MATCH(G$1,INDIRECT($D10&"!$AG$1:$AY$1"),0),0) -> 24 | H10: =VLOOKUP($B10,INDIRECT($D10&"!$AG$1:$AY$66"),MATCH(H$1,INDIRECT($D10&"!$AG$1:$AY$1"),0),0) -> 23 | I10: =VLOOKUP($B10,INDIRECT($D10&"!$AG$1:$AY$66"),MATCH(I$1,INDIRECT($D10&"!$AG$1:$AY$1"),0),0) -> 0 | J10: =VLOOKUP($B10,INDIRECT($D10&"!$AG$1:$AY$66"),MATCH(J$1,INDIRECT($D10&"!$AG$1:$AY$1"),0),0) -> 0 | K10: =VLOOKUP($B10,INDIRECT($D10&"!$AG$1:$AY$66"),MATCH(K$1,INDIRECT($D10&"!$AG$1:$AY$1"),0),0) -> 0 | L10: =VLOOKUP($B10,INDIRECT($D10&"!$AG$1:$AY$66"),MATCH(L$1,INDIRECT($D10&"!$AG$1:$AY$1"),0),0) -> 0 | M10: =VLOOKUP($B10,INDIRECT($D10&"!$AG$1:$AY$66"),MATCH(M$1,INDIRECT($D10&"!$AG$1:$AY$1"),0),0) -> 0 | N10: =VLOOKUP($B10,INDIRECT($D10&"!$AG$1:$AY$66"),MATCH(N$1,INDIRECT($D10&"!$AG$1:$AY$1"),0),0) -> 0 | ... V10: =VLOOKUP($B10,INDIRECT($D10&"!$AG$1:$AY$66"),MATCH(V$1,INDIRECT($D10&"!$AG$1:$AY$1"),0),0) -> 0 | W10: =VLOOKUP($B10,INDIRECT($D10&"!$AG$1:$AY$66"),MATCH(W$2,INDIRECT($D10&"!$AG$1:$AY$1"),0),0) -> 200 | X10: =IFERROR(_xlfn.XLOOKUP($B10,社保汇总表!B:B,社保汇总表!G:G),0) -> 420.68 | Y10: =VLOOKUP($B10,公积金汇总表!$P:$Q,2,0) -> 126 | AA10: =VLOOKUP($B10,INDIRECT($D10&"!$AG$1:$AY$66"),MATCH(AA$1,INDIRECT($D10&"!$AG$1:$AY$1"),0),0) -> 全勤 | AB10: =VLOOKUP($B10,INDIRECT($D10&"!$AG$1:$AZ$66"),MATCH(AB$1,INDIRECT($D10&"!$AG$1:$AZ$1"),0),0) -> 0
A11: 9 | B11: 罗仁杰 | C11: 4 | D11: 深圳 | E11: 开发部 | F11: 45471 | G11: =VLOOKUP($B11,INDIRECT($D11&"!$AG$1:$AY$66"),MATCH(G$1,INDIRECT($D11&"!$AG$1:$AY$1"),0),0) -> 24 | H11: =VLOOKUP($B11,INDIRECT($D11&"!$AG$1:$AY$66"),MATCH(H$1,INDIRECT($D11&"!$AG$1:$AY$1"),0),0) -> 22 | I11: =VLOOKUP($B11,INDIRECT($D11&"!$AG$1:$AY$66"),MATCH(I$1,INDIRECT($D11&"!$AG$1:$AY$1"),0),0) -> 0 | J11: =VLOOKUP($B11,INDIRECT($D11&"!$AG$1:$AY$66"),MATCH(J$1,INDIRECT($D11&"!$AG$1:$AY$1"),0),0) -> 0 | K11: =VLOOKUP($B11,INDIRECT($D11&"!$AG$1:$AY$66"),MATCH(K$1,INDIRECT($D11&"!$AG$1:$AY$1"),0),0) -> 0 | L11: =VLOOKUP($B11,INDIRECT($D11&"!$AG$1:$AY$66"),MATCH(L$1,INDIRECT($D11&"!$AG$1:$AY$1"),0),0) -> 0 | M11: =VLOOKUP($B11,INDIRECT($D11&"!$AG$1:$AY$66"),MATCH(M$1,INDIRECT($D11&"!$AG$1:$AY$1"),0),0) -> 1 | N11: =VLOOKUP($B11,INDIRECT($D11&"!$AG$1:$AY$66"),MATCH(N$1,INDIRECT($D11&"!$AG$1:$AY$1"),0),0) -> 0 | ... V11: =VLOOKUP($B11,INDIRECT($D11&"!$AG$1:$AY$66"),MATCH(V$1,INDIRECT($D11&"!$AG$1:$AY$1"),0),0) -> 0 | W11: =VLOOKUP($B11,INDIRECT($D11&"!$AG$1:$AY$66"),MATCH(W$2,INDIRECT($D11&"!$AG$1:$AY$1"),0),0) -> 200 | X11: =IFERROR(_xlfn.XLOOKUP($B11,社保汇总表!B:B,社保汇总表!G:G),0) -> 521.58 | AA11: =VLOOKUP($B11,INDIRECT($D11&"!$AG$1:$AY$66"),MATCH(AA$1,INDIRECT($D11&"!$AG$1:$AY$1"),0),0) -> 全勤，年假 8小时(04/24 09:00-04/24 18:30) | AB11: =VLOOKUP($B11,INDIRECT($D11&"!$AG$1:$AZ$66"),MATCH(AB$1,INDIRECT($D11&"!$AG$1:$AZ$1"),0),0) -> 0.5
A12: 10 | B12: 彭永红 | C12: 4 | D12: 深圳 | E12: 开发部 | F12: 43360 | G12: =VLOOKUP($B12,INDIRECT($D12&"!$AG$1:$AY$66"),MATCH(G$1,INDIRECT($D12&"!$AG$1:$AY$1"),0),0) -> 24 | H12: =VLOOKUP($B12,INDIRECT($D12&"!$AG$1:$AY$66"),MATCH(H$1,INDIRECT($D12&"!$AG$1:$AY$1"),0),0) -> 23 | I12: =VLOOKUP($B12,INDIRECT($D12&"!$AG$1:$AY$66"),MATCH(I$1,INDIRECT($D12&"!$AG$1:$AY$1"),0),0) -> 0 | J12: =VLOOKUP($B12,INDIRECT($D12&"!$AG$1:$AY$66"),MATCH(J$1,INDIRECT($D12&"!$AG$1:$AY$1"),0),0) -> 0 | K12: =VLOOKUP($B12,INDIRECT($D12&"!$AG$1:$AY$66"),MATCH(K$1,INDIRECT($D12&"!$AG$1:$AY$1"),0),0) -> 0 | L12: =VLOOKUP($B12,INDIRECT($D12&"!$AG$1:$AY$66"),MATCH(L$1,INDIRECT($D12&"!$AG$1:$AY$1"),0),0) -> 0 | M12: =VLOOKUP($B12,INDIRECT($D12&"!$AG$1:$AY$66"),MATCH(M$1,INDIRECT($D12&"!$AG$1:$AY$1"),0),0) -> 0 | N12: =VLOOKUP($B12,INDIRECT($D12&"!$AG$1:$AY$66"),MATCH(N$1,INDIRECT($D12&"!$AG$1:$AY$1"),0),0) -> 0 | ... V12: =VLOOKUP($B12,INDIRECT($D12&"!$AG$1:$AY$66"),MATCH(V$1,INDIRECT($D12&"!$AG$1:$AY$1"),0),0) -> 0 | W12: =VLOOKUP($B12,INDIRECT($D12&"!$AG$1:$AY$66"),MATCH(W$2,INDIRECT($D12&"!$AG$1:$AY$1"),0),0) -> 200 | X12: =IFERROR(_xlfn.XLOOKUP($B12,社保汇总表!B:B,社保汇总表!G:G),0) -> 420.68 | Y12: =VLOOKUP($B12,公积金汇总表!$P:$Q,2,0) -> 118 | AA12: =VLOOKUP($B12,INDIRECT($D12&"!$AG$1:$AY$66"),MATCH(AA$1,INDIRECT($D12&"!$AG$1:$AY$1"),0),0) -> 全勤 | AB12: =VLOOKUP($B12,INDIRECT($D12&"!$AG$1:$AZ$66"),MATCH(AB$1,INDIRECT($D12&"!$AG$1:$AZ$1"),0),0) -> 0
A13: 11 | B13: 魏永伟 | C13: 4 | D13: 深圳 | E13: 开发部 | F13: 45468 | G13: =VLOOKUP($B13,INDIRECT($D13&"!$AG$1:$AY$66"),MATCH(G$1,INDIRECT($D13&"!$AG$1:$AY$1"),0),0) -> 24 | H13: =VLOOKUP($B13,INDIRECT($D13&"!$AG$1:$AY$66"),MATCH(H$1,INDIRECT($D13&"!$AG$1:$AY$1"),0),0) -> 23 | I13: =VLOOKUP($B13,INDIRECT($D13&"!$AG$1:$AY$66"),MATCH(I$1,INDIRECT($D13&"!$AG$1:$AY$1"),0),0) -> 0 | J13: =VLOOKUP($B13,INDIRECT($D13&"!$AG$1:$AY$66"),MATCH(J$1,INDIRECT($D13&"!$AG$1:$AY$1"),0),0) -> 0 | K13: =VLOOKUP($B13,INDIRECT($D13&"!$AG$1:$AY$66"),MATCH(K$1,INDIRECT($D13&"!$AG$1:$AY$1"),0),0) -> 0 | L13: =VLOOKUP($B13,INDIRECT($D13&"!$AG$1:$AY$66"),MATCH(L$1,INDIRECT($D13&"!$AG$1:$AY$1"),0),0) -> 0 | M13: =VLOOKUP($B13,INDIRECT($D13&"!$AG$1:$AY$66"),MATCH(M$1,INDIRECT($D13&"!$AG$1:$AY$1"),0),0) -> 0 | N13: =VLOOKUP($B13,INDIRECT($D13&"!$AG$1:$AY$66"),MATCH(N$1,INDIRECT($D13&"!$AG$1:$AY$1"),0),0) -> 0 | ... V13: =VLOOKUP($B13,INDIRECT($D13&"!$AG$1:$AY$66"),MATCH(V$1,INDIRECT($D13&"!$AG$1:$AY$1"),0),0) -> 0 | W13: =VLOOKUP($B13,INDIRECT($D13&"!$AG$1:$AY$66"),MATCH(W$2,INDIRECT($D13&"!$AG$1:$AY$1"),0),0) -> 200 | X13: =IFERROR(_xlfn.XLOOKUP($B13,社保汇总表!B:B,社保汇总表!G:G),0) -> 420.68 | Y13: =VLOOKUP($B13,公积金汇总表!$P:$Q,2,0) -> 118 | AA13: =VLOOKUP($B13,INDIRECT($D13&"!$AG$1:$AY$66"),MATCH(AA$1,INDIRECT($D13&"!$AG$1:$AY$1"),0),0) -> 全勤 | AB13: =VLOOKUP($B13,INDIRECT($D13&"!$AG$1:$AZ$66"),MATCH(AB$1,INDIRECT($D13&"!$AG$1:$AZ$1"),0),0) -> 0.5
A14: 12 | B14: 徐锡瑩 | C14: 4 | D14: 深圳 | E14: 开发部 | G14: =VLOOKUP($B14,INDIRECT($D14&"!$AG$1:$AY$66"),MATCH(G$1,INDIRECT($D14&"!$AG$1:$AY$1"),0),0) -> 24 | H14: =VLOOKUP($B14,INDIRECT($D14&"!$AG$1:$AY$66"),MATCH(H$1,INDIRECT($D14&"!$AG$1:$AY$1"),0),0) -> 23 | I14: =VLOOKUP($B14,INDIRECT($D14&"!$AG$1:$AY$66"),MATCH(I$1,INDIRECT($D14&"!$AG$1:$AY$1"),0),0) -> 1 | J14: =VLOOKUP($B14,INDIRECT($D14&"!$AG$1:$AY$66"),MATCH(J$1,INDIRECT($D14&"!$AG$1:$AY$1"),0),0) -> 0 | K14: =VLOOKUP($B14,INDIRECT($D14&"!$AG$1:$AY$66"),MATCH(K$1,INDIRECT($D14&"!$AG$1:$AY$1"),0),0) -> 0 | L14: =VLOOKUP($B14,INDIRECT($D14&"!$AG$1:$AY$66"),MATCH(L$1,INDIRECT($D14&"!$AG$1:$AY$1"),0),0) -> 0 | M14: =VLOOKUP($B14,INDIRECT($D14&"!$AG$1:$AY$66"),MATCH(M$1,INDIRECT($D14&"!$AG$1:$AY$1"),0),0) -> 0 | N14: =VLOOKUP($B14,INDIRECT($D14&"!$AG$1:$AY$66"),MATCH(N$1,INDIRECT($D14&"!$AG$1:$AY$1"),0),0) -> 0 | ... V14: =VLOOKUP($B14,INDIRECT($D14&"!$AG$1:$AY$66"),MATCH(V$1,INDIRECT($D14&"!$AG$1:$AY$1"),0),0) -> 0 | W14: =VLOOKUP($B14,INDIRECT($D14&"!$AG$1:$AY$66"),MATCH(W$2,INDIRECT($D14&"!$AG$1:$AY$1"),0),0) -> 0 | X14: =IFERROR(_xlfn.XLOOKUP($B14,社保汇总表!B:B,社保汇总表!G:G),0) -> 420.68 | Y14: =VLOOKUP($B14,公积金汇总表!$P:$Q,2,0) -> 126 | AA14: =VLOOKUP($B14,INDIRECT($D14&"!$AG$1:$AY$66"),MATCH(AA$1,INDIRECT($D14&"!$AG$1:$AY$1"),0),0) -> 迟到1分钟 | AB14: =VLOOKUP($B14,INDIRECT($D14&"!$AG$1:$AZ$66"),MATCH(AB$1,INDIRECT($D14&"!$AG$1:$AZ$1"),0),0) -> 0
A15: 13 | B15: 朱耀君 | C15: 4 | D15: 深圳 | E15: 开发部 | G15: =VLOOKUP($B15,INDIRECT($D15&"!$AG$1:$AY$66"),MATCH(G$1,INDIRECT($D15&"!$AG$1:$AY$1"),0),0) -> 24 | H15: =VLOOKUP($B15,INDIRECT($D15&"!$AG$1:$AY$66"),MATCH(H$1,INDIRECT($D15&"!$AG$1:$AY$1"),0),0) -> 23 | I15: =VLOOKUP($B15,INDIRECT($D15&"!$AG$1:$AY$66"),MATCH(I$1,INDIRECT($D15&"!$AG$1:$AY$1"),0),0) -> 0 | J15: =VLOOKUP($B15,INDIRECT($D15&"!$AG$1:$AY$66"),MATCH(J$1,INDIRECT($D15&"!$AG$1:$AY$1"),0),0) -> 0 | K15: =VLOOKUP($B15,INDIRECT($D15&"!$AG$1:$AY$66"),MATCH(K$1,INDIRECT($D15&"!$AG$1:$AY$1"),0),0) -> 0 | L15: =VLOOKUP($B15,INDIRECT($D15&"!$AG$1:$AY$66"),MATCH(L$1,INDIRECT($D15&"!$AG$1:$AY$1"),0),0) -> 0 | M15: =VLOOKUP($B15,INDIRECT($D15&"!$AG$1:$AY$66"),MATCH(M$1,INDIRECT($D15&"!$AG$1:$AY$1"),0),0) -> 0 | N15: =VLOOKUP($B15,INDIRECT($D15&"!$AG$1:$AY$66"),MATCH(N$1,INDIRECT($D15&"!$AG$1:$AY$1"),0),0) -> 0 | ... V15: =VLOOKUP($B15,INDIRECT($D15&"!$AG$1:$AY$66"),MATCH(V$1,INDIRECT($D15&"!$AG$1:$AY$1"),0),0) -> 0 | W15: =VLOOKUP($B15,INDIRECT($D15&"!$AG$1:$AY$66"),MATCH(W$2,INDIRECT($D15&"!$AG$1:$AY$1"),0),0) -> 200 | AA15: =VLOOKUP($B15,INDIRECT($D15&"!$AG$1:$AY$66"),MATCH(AA$1,INDIRECT($D15&"!$AG$1:$AY$1"),0),0) -> 全勤 | AB15: =VLOOKUP($B15,INDIRECT($D15&"!$AG$1:$AZ$66"),MATCH(AB$1,INDIRECT($D15&"!$AG$1:$AZ$1"),0),0) -> 0
A16: 14 | B16: 刘俊聪 | C16: 4 | D16: 深圳 | E16: 设计部 | F16: 43830 | G16: =VLOOKUP($B16,INDIRECT($D16&"!$AG$1:$AY$66"),MATCH(G$1,INDIRECT($D16&"!$AG$1:$AY$1"),0),0) -> 24 | H16: =VLOOKUP($B16,INDIRECT($D16&"!$AG$1:$AY$66"),MATCH(H$1,INDIRECT($D16&"!$AG$1:$AY$1"),0),0) -> 22 | I16: =VLOOKUP($B16,INDIRECT($D16&"!$AG$1:$AY$66"),MATCH(I$1,INDIRECT($D16&"!$AG$1:$AY$1"),0),0) -> 0 | J16: =VLOOKUP($B16,INDIRECT($D16&"!$AG$1:$AY$66"),MATCH(J$1,INDIRECT($D16&"!$AG$1:$AY$1"),0),0) -> 0 | K16: =VLOOKUP($B16,INDIRECT($D16&"!$AG$1:$AY$66"),MATCH(K$1,INDIRECT($D16&"!$AG$1:$AY$1"),0),0) -> 0 | L16: =VLOOKUP($B16,INDIRECT($D16&"!$AG$1:$AY$66"),MATCH(L$1,INDIRECT($D16&"!$AG$1:$AY$1"),0),0) -> 0 | M16: =VLOOKUP($B16,INDIRECT($D16&"!$AG$1:$AY$66"),MATCH(M$1,INDIRECT($D16&"!$AG$1:$AY$1"),0),0) -> 1 | N16: =VLOOKUP($B16,INDIRECT($D16&"!$AG$1:$AY$66"),MATCH(N$1,INDIRECT($D16&"!$AG$1:$AY$1"),0),0) -> 0 | ... V16: =VLOOKUP($B16,INDIRECT($D16&"!$AG$1:$AY$66"),MATCH(V$1,INDIRECT($D16&"!$AG$1:$AY$1"),0),0) -> 0 | W16: =VLOOKUP($B16,INDIRECT($D16&"!$AG$1:$AY$66"),MATCH(W$2,INDIRECT($D16&"!$AG$1:$AY$1"),0),0) -> 200 | X16: =IFERROR(_xlfn.XLOOKUP($B16,社保汇总表!B:B,社保汇总表!G:G),0) -> 420.68 | Y16: =VLOOKUP($B16,公积金汇总表!$P:$Q,2,0) -> 118 | AA16: =VLOOKUP($B16,INDIRECT($D16&"!$AG$1:$AY$66"),MATCH(AA$1,INDIRECT($D16&"!$AG$1:$AY$1"),0),0) -> 全勤，年假 8小时(04/01 09:00-04/01 18:30) | AB16: =VLOOKUP($B16,INDIRECT($D16&"!$AG$1:$AZ$66"),MATCH(AB$1,INDIRECT($D16&"!$AG$1:$AZ$1"),0),0) -> 0
A17: 15 | B17: 吴竞涛 | C17: 4 | D17: 深圳 | E17: 设计部 | F17: 45546 | G17: =VLOOKUP($B17,INDIRECT($D17&"!$AG$1:$AY$66"),MATCH(G$1,INDIRECT($D17&"!$AG$1:$AY$1"),0),0) -> 24 | H17: =VLOOKUP($B17,INDIRECT($D17&"!$AG$1:$AY$66"),MATCH(H$1,INDIRECT($D17&"!$AG$1:$AY$1"),0),0) -> 13 | I17: =VLOOKUP($B17,INDIRECT($D17&"!$AG$1:$AY$66"),MATCH(I$1,INDIRECT($D17&"!$AG$1:$AY$1"),0),0) -> 0 | J17: =VLOOKUP($B17,INDIRECT($D17&"!$AG$1:$AY$66"),MATCH(J$1,INDIRECT($D17&"!$AG$1:$AY$1"),0),0) -> 0 | K17: =VLOOKUP($B17,INDIRECT($D17&"!$AG$1:$AY$66"),MATCH(K$1,INDIRECT($D17&"!$AG$1:$AY$1"),0),0) -> 0 | L17: =VLOOKUP($B17,INDIRECT($D17&"!$AG$1:$AY$66"),MATCH(L$1,INDIRECT($D17&"!$AG$1:$AY$1"),0),0) -> 1 | M17: =VLOOKUP($B17,INDIRECT($D17&"!$AG$1:$AY$66"),MATCH(M$1,INDIRECT($D17&"!$AG$1:$AY$1"),0),0) -> 0 | N17: =VLOOKUP($B17,INDIRECT($D17&"!$AG$1:$AY$66"),MATCH(N$1,INDIRECT($D17&"!$AG$1:$AY$1"),0),0) -> 0 | ... V17: =VLOOKUP($B17,INDIRECT($D17&"!$AG$1:$AY$66"),MATCH(V$1,INDIRECT($D17&"!$AG$1:$AY$1"),0),0) -> 0 | W17: =VLOOKUP($B17,INDIRECT($D17&"!$AG$1:$AY$66"),MATCH(W$2,INDIRECT($D17&"!$AG$1:$AY$1"),0),0) -> 0 | X17: =IFERROR(_xlfn.XLOOKUP($B17,社保汇总表!B:B,社保汇总表!G:G),0) -> 420.68 | Y17: =VLOOKUP($B17,公积金汇总表!$P:$Q,2,0) -> 118 | AA17: =VLOOKUP($B17,INDIRECT($D17&"!$AG$1:$AY$66"),MATCH(AA$1,INDIRECT($D17&"!$AG$1:$AY$1"),0),0) -> 事假 8小时(04/10 09:00-04/10 18:30),18日离职 | AB17: =VLOOKUP($B17,INDIRECT($D17&"!$AG$1:$AZ$66"),MATCH(AB$1,INDIRECT($D17&"!$AG$1:$AZ$1"),0),0) -> 0
A18: 16 | B18: 洪诗星 | C18: 4 | D18: 深圳 | E18: 设计部 | G18: =VLOOKUP($B18,INDIRECT($D18&"!$AG$1:$AY$66"),MATCH(G$1,INDIRECT($D18&"!$AG$1:$AY$1"),0),0) -> 24 | H18: =VLOOKUP($B18,INDIRECT($D18&"!$AG$1:$AY$66"),MATCH(H$1,INDIRECT($D18&"!$AG$1:$AY$1"),0),0) -> 15 | I18: =VLOOKUP($B18,INDIRECT($D18&"!$AG$1:$AY$66"),MATCH(I$1,INDIRECT($D18&"!$AG$1:$AY$1"),0),0) -> 0 | J18: =VLOOKUP($B18,INDIRECT($D18&"!$AG$1:$AY$66"),MATCH(J$1,INDIRECT($D18&"!$AG$1:$AY$1"),0),0) -> 0 | K18: =VLOOKUP($B18,INDIRECT($D18&"!$AG$1:$AY$66"),MATCH(K$1,INDIRECT($D18&"!$AG$1:$AY$1"),0),0) -> 0 | L18: =VLOOKUP($B18,INDIRECT($D18&"!$AG$1:$AY$66"),MATCH(L$1,INDIRECT($D18&"!$AG$1:$AY$1"),0),0) -> 0 | M18: =VLOOKUP($B18,INDIRECT($D18&"!$AG$1:$AY$66"),MATCH(M$1,INDIRECT($D18&"!$AG$1:$AY$1"),0),0) -> 0 | N18: =VLOOKUP($B18,INDIRECT($D18&"!$AG$1:$AY$66"),MATCH(N$1,INDIRECT($D18&"!$AG$1:$AY$1"),0),0) -> 0 | ... V18: =VLOOKUP($B18,INDIRECT($D18&"!$AG$1:$AY$66"),MATCH(V$1,INDIRECT($D18&"!$AG$1:$AY$1"),0),0) -> 0 | W18: =VLOOKUP($B18,INDIRECT($D18&"!$AG$1:$AY$66"),MATCH(W$2,INDIRECT($D18&"!$AG$1:$AY$1"),0),0) -> 0 | X18: =IFERROR(_xlfn.XLOOKUP($B18,社保汇总表!B:B,社保汇总表!G:G),0) -> 521.58 | Y18: =VLOOKUP($B18,公积金汇总表!$P:$Q,2,0) -> 126 | AA18: =VLOOKUP($B18,INDIRECT($D18&"!$AG$1:$AY$66"),MATCH(AA$1,INDIRECT($D18&"!$AG$1:$AY$1"),0),0) -> 13日入职 | AB18: =VLOOKUP($B18,INDIRECT($D18&"!$AG$1:$AZ$66"),MATCH(AB$1,INDIRECT($D18&"!$AG$1:$AZ$1"),0),0) -> 0
A19: 17 | B19: 刘士灵 | C19: 4 | D19: 深圳 | E19: 物流部 | F19: 43781 | G19: =VLOOKUP($B19,INDIRECT($D19&"!$AG$1:$AY$66"),MATCH(G$1,INDIRECT($D19&"!$AG$1:$AY$1"),0),0) -> 24 | H19: =VLOOKUP($B19,INDIRECT($D19&"!$AG$1:$AY$66"),MATCH(H$1,INDIRECT($D19&"!$AG$1:$AY$1"),0),0) -> 23 | I19: =VLOOKUP($B19,INDIRECT($D19&"!$AG$1:$AY$66"),MATCH(I$1,INDIRECT($D19&"!$AG$1:$AY$1"),0),0) -> 1 | J19: =VLOOKUP($B19,INDIRECT($D19&"!$AG$1:$AY$66"),MATCH(J$1,INDIRECT($D19&"!$AG$1:$AY$1"),0),0) -> 2 | K19: =VLOOKUP($B19,INDIRECT($D19&"!$AG$1:$AY$66"),MATCH(K$1,INDIRECT($D19&"!$AG$1:$AY$1"),0),0) -> 0 | L19: =VLOOKUP($B19,INDIRECT($D19&"!$AG$1:$AY$66"),MATCH(L$1,INDIRECT($D19&"!$AG$1:$AY$1"),0),0) -> 0 | M19: =VLOOKUP($B19,INDIRECT($D19&"!$AG$1:$AY$66"),MATCH(M$1,INDIRECT($D19&"!$AG$1:$AY$1"),0),0) -> 0 | N19: =VLOOKUP($B19,INDIRECT($D19&"!$AG$1:$AY$66"),MATCH(N$1,INDIRECT($D19&"!$AG$1:$AY$1"),0),0) -> 0 | ... V19: =VLOOKUP($B19,INDIRECT($D19&"!$AG$1:$AY$66"),MATCH(V$1,INDIRECT($D19&"!$AG$1:$AY$1"),0),0) -> 0 | W19: =VLOOKUP($B19,INDIRECT($D19&"!$AG$1:$AY$66"),MATCH(W$2,INDIRECT($D19&"!$AG$1:$AY$1"),0),0) -> 0 | X19: =IFERROR(_xlfn.XLOOKUP($B19,社保汇总表!B:B,社保汇总表!G:G),0) -> 521.58 | Y19: =VLOOKUP($B19,公积金汇总表!$P:$Q,2,0) -> 118 | AA19: =VLOOKUP($B19,INDIRECT($D19&"!$AG$1:$AY$66"),MATCH(AA$1,INDIRECT($D19&"!$AG$1:$AY$1"),0),0) -> 缺卡2次，迟到1分钟 | AB19: =VLOOKUP($B19,INDIRECT($D19&"!$AG$1:$AZ$66"),MATCH(AB$1,INDIRECT($D19&"!$AG$1:$AZ$1"),0),0) -> 12.5
A20: 18 | B20: 杨汇雯 | C20: 4 | D20: 深圳 | E20: 物流部 | F20: 46096 | G20: =VLOOKUP($B20,INDIRECT($D20&"!$AG$1:$AY$66"),MATCH(G$1,INDIRECT($D20&"!$AG$1:$AY$1"),0),0) -> 24 | H20: =VLOOKUP($B20,INDIRECT($D20&"!$AG$1:$AY$66"),MATCH(H$1,INDIRECT($D20&"!$AG$1:$AY$1"),0),0) -> 23 | I20: =VLOOKUP($B20,INDIRECT($D20&"!$AG$1:$AY$66"),MATCH(I$1,INDIRECT($D20&"!$AG$1:$AY$1"),0),0) -> 0 | J20: =VLOOKUP($B20,INDIRECT($D20&"!$AG$1:$AY$66"),MATCH(J$1,INDIRECT($D20&"!$AG$1:$AY$1"),0),0) -> 0 | K20: =VLOOKUP($B20,INDIRECT($D20&"!$AG$1:$AY$66"),MATCH(K$1,INDIRECT($D20&"!$AG$1:$AY$1"),0),0) -> 0 | L20: =VLOOKUP($B20,INDIRECT($D20&"!$AG$1:$AY$66"),MATCH(L$1,INDIRECT($D20&"!$AG$1:$AY$1"),0),0) -> 0 | M20: =VLOOKUP($B20,INDIRECT($D20&"!$AG$1:$AY$66"),MATCH(M$1,INDIRECT($D20&"!$AG$1:$AY$1"),0),0) -> 0 | N20: =VLOOKUP($B20,INDIRECT($D20&"!$AG$1:$AY$66"),MATCH(N$1,INDIRECT($D20&"!$AG$1:$AY$1"),0),0) -> 0 | ... V20: =VLOOKUP($B20,INDIRECT($D20&"!$AG$1:$AY$66"),MATCH(V$1,INDIRECT($D20&"!$AG$1:$AY$1"),0),0) -> 0 | W20: =VLOOKUP($B20,INDIRECT($D20&"!$AG$1:$AY$66"),MATCH(W$2,INDIRECT($D20&"!$AG$1:$AY$1"),0),0) -> 200 | X20: =IFERROR(_xlfn.XLOOKUP($B20,社保汇总表!B:B,社保汇总表!G:G),0) -> 521.58 | Y20: =VLOOKUP($B20,公积金汇总表!$P:$Q,2,0) -> 126 | AA20: =VLOOKUP($B20,INDIRECT($D20&"!$AG$1:$AY$66"),MATCH(AA$1,INDIRECT($D20&"!$AG$1:$AY$1"),0),0) -> 全勤 | AB20: =VLOOKUP($B20,INDIRECT($D20&"!$AG$1:$AZ$66"),MATCH(AB$1,INDIRECT($D20&"!$AG$1:$AZ$1"),0),0) -> 24
A21: 19 | B21: 史泰龙 | C21: 4 | D21: 深圳 | E21: 软件部 | F21: 45848 | G21: =VLOOKUP($B21,INDIRECT($D21&"!$AG$1:$AY$66"),MATCH(G$1,INDIRECT($D21&"!$AG$1:$AY$1"),0),0) -> 24 | H21: =VLOOKUP($B21,INDIRECT($D21&"!$AG$1:$AY$66"),MATCH(H$1,INDIRECT($D21&"!$AG$1:$AY$1"),0),0) -> 23 | I21: =VLOOKUP($B21,INDIRECT($D21&"!$AG$1:$AY$66"),MATCH(I$1,INDIRECT($D21&"!$AG$1:$AY$1"),0),0) -> 0 | J21: =VLOOKUP($B21,INDIRECT($D21&"!$AG$1:$AY$66"),MATCH(J$1,INDIRECT($D21&"!$AG$1:$AY$1"),0),0) -> 0 | K21: =VLOOKUP($B21,INDIRECT($D21&"!$AG$1:$AY$66"),MATCH(K$1,INDIRECT($D21&"!$AG$1:$AY$1"),0),0) -> 0 | L21: =VLOOKUP($B21,INDIRECT($D21&"!$AG$1:$AY$66"),MATCH(L$1,INDIRECT($D21&"!$AG$1:$AY$1"),0),0) -> 0 | M21: =VLOOKUP($B21,INDIRECT($D21&"!$AG$1:$AY$66"),MATCH(M$1,INDIRECT($D21&"!$AG$1:$AY$1"),0),0) -> 0 | N21: =VLOOKUP($B21,INDIRECT($D21&"!$AG$1:$AY$66"),MATCH(N$1,INDIRECT($D21&"!$AG$1:$AY$1"),0),0) -> 0 | ... V21: =VLOOKUP($B21,INDIRECT($D21&"!$AG$1:$AY$66"),MATCH(V$1,INDIRECT($D21&"!$AG$1:$AY$1"),0),0) -> 0 | W21: =VLOOKUP($B21,INDIRECT($D21&"!$AG$1:$AY$66"),MATCH(W$2,INDIRECT($D21&"!$AG$1:$AY$1"),0),0) -> 200 | X21: =IFERROR(_xlfn.XLOOKUP($B21,社保汇总表!B:B,社保汇总表!G:G),0) -> 420.68 | Y21: =VLOOKUP($B21,公积金汇总表!$P:$Q,2,0) -> 126 | AA21: =VLOOKUP($B21,INDIRECT($D21&"!$AG$1:$AY$66"),MATCH(AA$1,INDIRECT($D21&"!$AG$1:$AY$1"),0),0) -> 全勤 | AB21: =VLOOKUP($B21,INDIRECT($D21&"!$AG$1:$AZ$66"),MATCH(AB$1,INDIRECT($D21&"!$AG$1:$AZ$1"),0),0) -> 8
A22: 20 | B22: 王明宇 | C22: 4 | D22: 深圳 | E22: 软件部 | G22: =VLOOKUP($B22,INDIRECT($D22&"!$AG$1:$AY$66"),MATCH(G$1,INDIRECT($D22&"!$AG$1:$AY$1"),0),0) -> 24 | H22: =VLOOKUP($B22,INDIRECT($D22&"!$AG$1:$AY$66"),MATCH(H$1,INDIRECT($D22&"!$AG$1:$AY$1"),0),0) -> 21.56 | I22: =VLOOKUP($B22,INDIRECT($D22&"!$AG$1:$AY$66"),MATCH(I$1,INDIRECT($D22&"!$AG$1:$AY$1"),0),0) -> 0 | J22: =VLOOKUP($B22,INDIRECT($D22&"!$AG$1:$AY$66"),MATCH(J$1,INDIRECT($D22&"!$AG$1:$AY$1"),0),0) -> 0 | K22: =VLOOKUP($B22,INDIRECT($D22&"!$AG$1:$AY$66"),MATCH(K$1,INDIRECT($D22&"!$AG$1:$AY$1"),0),0) -> 0 | L22: =VLOOKUP($B22,INDIRECT($D22&"!$AG$1:$AY$66"),MATCH(L$1,INDIRECT($D22&"!$AG$1:$AY$1"),0),0) -> 1.44 | M22: =VLOOKUP($B22,INDIRECT($D22&"!$AG$1:$AY$66"),MATCH(M$1,INDIRECT($D22&"!$AG$1:$AY$1"),0),0) -> 0 | N22: =VLOOKUP($B22,INDIRECT($D22&"!$AG$1:$AY$66"),MATCH(N$1,INDIRECT($D22&"!$AG$1:$AY$1"),0),0) -> 0 | ... V22: =VLOOKUP($B22,INDIRECT($D22&"!$AG$1:$AY$66"),MATCH(V$1,INDIRECT($D22&"!$AG$1:$AY$1"),0),0) -> 0 | W22: =VLOOKUP($B22,INDIRECT($D22&"!$AG$1:$AY$66"),MATCH(W$2,INDIRECT($D22&"!$AG$1:$AY$1"),0),0) -> 0 | X22: =IFERROR(_xlfn.XLOOKUP($B22,社保汇总表!B:B,社保汇总表!G:G),0) -> 420.68 | Y22: =VLOOKUP($B22,公积金汇总表!$P:$Q,2,0) -> 126 | AA22: =VLOOKUP($B22,INDIRECT($D22&"!$AG$1:$AY$66"),MATCH(AA$1,INDIRECT($D22&"!$AG$1:$AY$1"),0),0) -> 事假 3.5小时(04/07 09:00-04/07 12:30);事假 8小时(04/16 09:00-04/16 18:30) | AB22: =VLOOKUP($B22,INDIRECT($D22&"!$AG$1:$AZ$66"),MATCH(AB$1,INDIRECT($D22&"!$AG$1:$AZ$1"),0),0) -> 5.5
A23: 21 | B23: 黄云宝 | C23: 4 | D23: 深圳 | E23: 软件部 | G23: =VLOOKUP($B23,INDIRECT($D23&"!$AG$1:$AY$66"),MATCH(G$1,INDIRECT($D23&"!$AG$1:$AY$1"),0),0) -> 24 | H23: =VLOOKUP($B23,INDIRECT($D23&"!$AG$1:$AY$66"),MATCH(H$1,INDIRECT($D23&"!$AG$1:$AY$1"),0),0) -> 23 | I23: =VLOOKUP($B23,INDIRECT($D23&"!$AG$1:$AY$66"),MATCH(I$1,INDIRECT($D23&"!$AG$1:$AY$1"),0),0) -> 0 | J23: =VLOOKUP($B23,INDIRECT($D23&"!$AG$1:$AY$66"),MATCH(J$1,INDIRECT($D23&"!$AG$1:$AY$1"),0),0) -> 0 | K23: =VLOOKUP($B23,INDIRECT($D23&"!$AG$1:$AY$66"),MATCH(K$1,INDIRECT($D23&"!$AG$1:$AY$1"),0),0) -> 0 | L23: =VLOOKUP($B23,INDIRECT($D23&"!$AG$1:$AY$66"),MATCH(L$1,INDIRECT($D23&"!$AG$1:$AY$1"),0),0) -> 0 | M23: =VLOOKUP($B23,INDIRECT($D23&"!$AG$1:$AY$66"),MATCH(M$1,INDIRECT($D23&"!$AG$1:$AY$1"),0),0) -> 0 | N23: =VLOOKUP($B23,INDIRECT($D23&"!$AG$1:$AY$66"),MATCH(N$1,INDIRECT($D23&"!$AG$1:$AY$1"),0),0) -> 0 | ... V23: =VLOOKUP($B23,INDIRECT($D23&"!$AG$1:$AY$66"),MATCH(V$1,INDIRECT($D23&"!$AG$1:$AY$1"),0),0) -> 0 | W23: =VLOOKUP($B23,INDIRECT($D23&"!$AG$1:$AY$66"),MATCH(W$2,INDIRECT($D23&"!$AG$1:$AY$1"),0),0) -> 200 | X23: =IFERROR(_xlfn.XLOOKUP($B23,社保汇总表!B:B,社保汇总表!G:G),0) -> 420.68 | Y23: =VLOOKUP($B23,公积金汇总表!$P:$Q,2,0) -> 126 | AA23: =VLOOKUP($B23,INDIRECT($D23&"!$AG$1:$AY$66"),MATCH(AA$1,INDIRECT($D23&"!$AG$1:$AY$1"),0),0) -> 全勤 | AB23: =VLOOKUP($B23,INDIRECT($D23&"!$AG$1:$AZ$66"),MATCH(AB$1,INDIRECT($D23&"!$AG$1:$AZ$1"),0),0) -> 5.5
A24: 22 | B24: 耿纪涛 | C24: 4 | D24: 深圳 | E24: 人力资源行政部 | F24: 44696 | G24: =VLOOKUP($B24,INDIRECT($D24&"!$AG$1:$AY$66"),MATCH(G$1,INDIRECT($D24&"!$AG$1:$AY$1"),0),0) -> 24 | H24: =VLOOKUP($B24,INDIRECT($D24&"!$AG$1:$AY$66"),MATCH(H$1,INDIRECT($D24&"!$AG$1:$AY$1"),0),0) -> 23 | I24: =VLOOKUP($B24,INDIRECT($D24&"!$AG$1:$AY$66"),MATCH(I$1,INDIRECT($D24&"!$AG$1:$AY$1"),0),0) -> 0 | J24: =VLOOKUP($B24,INDIRECT($D24&"!$AG$1:$AY$66"),MATCH(J$1,INDIRECT($D24&"!$AG$1:$AY$1"),0),0) -> 0 | K24: =VLOOKUP($B24,INDIRECT($D24&"!$AG$1:$AY$66"),MATCH(K$1,INDIRECT($D24&"!$AG$1:$AY$1"),0),0) -> 0 | L24: =VLOOKUP($B24,INDIRECT($D24&"!$AG$1:$AY$66"),MATCH(L$1,INDIRECT($D24&"!$AG$1:$AY$1"),0),0) -> 0 | M24: =VLOOKUP($B24,INDIRECT($D24&"!$AG$1:$AY$66"),MATCH(M$1,INDIRECT($D24&"!$AG$1:$AY$1"),0),0) -> 0 | N24: =VLOOKUP($B24,INDIRECT($D24&"!$AG$1:$AY$66"),MATCH(N$1,INDIRECT($D24&"!$AG$1:$AY$1"),0),0) -> 0 | ... V24: =VLOOKUP($B24,INDIRECT($D24&"!$AG$1:$AY$66"),MATCH(V$1,INDIRECT($D24&"!$AG$1:$AY$1"),0),0) -> 0 | W24: =VLOOKUP($B24,INDIRECT($D24&"!$AG$1:$AY$66"),MATCH(W$2,INDIRECT($D24&"!$AG$1:$AY$1"),0),0) -> 200 | X24: =IFERROR(_xlfn.XLOOKUP($B24,社保汇总表!B:B,社保汇总表!G:G),0) -> 420.68 | Y24: =VLOOKUP($B24,公积金汇总表!$P:$Q,2,0) -> 126 | AA24: =VLOOKUP($B24,INDIRECT($D24&"!$AG$1:$AY$66"),MATCH(AA$1,INDIRECT($D24&"!$AG$1:$AY$1"),0),0) -> 全勤，加班 4.5小时后调休(04/11 14:00-04/11 18:30) | AB24: =VLOOKUP($B24,INDIRECT($D24&"!$AG$1:$AZ$66"),MATCH(AB$1,INDIRECT($D24&"!$AG$1:$AZ$1"),0),0) -> 29
A25: 23 | B25: 曾华欣 | C25: 4 | D25: 深圳 | E25: 人力资源行政部 | F25: 44958 | G25: =VLOOKUP($B25,INDIRECT($D25&"!$AG$1:$AY$66"),MATCH(G$1,INDIRECT($D25&"!$AG$1:$AY$1"),0),0) -> 24 | H25: =VLOOKUP($B25,INDIRECT($D25&"!$AG$1:$AY$66"),MATCH(H$1,INDIRECT($D25&"!$AG$1:$AY$1"),0),0) -> 22 | I25: =VLOOKUP($B25,INDIRECT($D25&"!$AG$1:$AY$66"),MATCH(I$1,INDIRECT($D25&"!$AG$1:$AY$1"),0),0) -> 0 | J25: =VLOOKUP($B25,INDIRECT($D25&"!$AG$1:$AY$66"),MATCH(J$1,INDIRECT($D25&"!$AG$1:$AY$1"),0),0) -> 0 | K25: =VLOOKUP($B25,INDIRECT($D25&"!$AG$1:$AY$66"),MATCH(K$1,INDIRECT($D25&"!$AG$1:$AY$1"),0),0) -> 0 | L25: =VLOOKUP($B25,INDIRECT($D25&"!$AG$1:$AY$66"),MATCH(L$1,INDIRECT($D25&"!$AG$1:$AY$1"),0),0) -> 0 | M25: =VLOOKUP($B25,INDIRECT($D25&"!$AG$1:$AY$66"),MATCH(M$1,INDIRECT($D25&"!$AG$1:$AY$1"),0),0) -> 1 | N25: =VLOOKUP($B25,INDIRECT($D25&"!$AG$1:$AY$66"),MATCH(N$1,INDIRECT($D25&"!$AG$1:$AY$1"),0),0) -> 0 | ... V25: =VLOOKUP($B25,INDIRECT($D25&"!$AG$1:$AY$66"),MATCH(V$1,INDIRECT($D25&"!$AG$1:$AY$1"),0),0) -> 0 | W25: =VLOOKUP($B25,INDIRECT($D25&"!$AG$1:$AY$66"),MATCH(W$2,INDIRECT($D25&"!$AG$1:$AY$1"),0),0) -> 200 | X25: =IFERROR(_xlfn.XLOOKUP($B25,社保汇总表!B:B,社保汇总表!G:G),0) -> 420.68 | Y25: =VLOOKUP($B25,公积金汇总表!$P:$Q,2,0) -> 118 | AA25: =VLOOKUP($B25,INDIRECT($D25&"!$AG$1:$AY$66"),MATCH(AA$1,INDIRECT($D25&"!$AG$1:$AY$1"),0),0) -> 全勤，年假 8小时(04/18 09:00-04/18 18:30) | AB25: =VLOOKUP($B25,INDIRECT($D25&"!$AG$1:$AZ$66"),MATCH(AB$1,INDIRECT($D25&"!$AG$1:$AZ$1"),0),0) -> 20
A26: 24 | B26: 李冬勤 | C26: 4 | D26: 深圳 | E26: 人力资源行政部 | F26: 45597 | G26: =VLOOKUP($B26,INDIRECT($D26&"!$AG$1:$AY$66"),MATCH(G$1,INDIRECT($D26&"!$AG$1:$AY$1"),0),0) -> 24 | H26: =VLOOKUP($B26,INDIRECT($D26&"!$AG$1:$AY$66"),MATCH(H$1,INDIRECT($D26&"!$AG$1:$AY$1"),0),0) -> 18 | I26: =VLOOKUP($B26,INDIRECT($D26&"!$AG$1:$AY$66"),MATCH(I$1,INDIRECT($D26&"!$AG$1:$AY$1"),0),0) -> 0 | J26: =VLOOKUP($B26,INDIRECT($D26&"!$AG$1:$AY$66"),MATCH(J$1,INDIRECT($D26&"!$AG$1:$AY$1"),0),0) -> 0 | K26: =VLOOKUP($B26,INDIRECT($D26&"!$AG$1:$AY$66"),MATCH(K$1,INDIRECT($D26&"!$AG$1:$AY$1"),0),0) -> 0 | L26: =VLOOKUP($B26,INDIRECT($D26&"!$AG$1:$AY$66"),MATCH(L$1,INDIRECT($D26&"!$AG$1:$AY$1"),0),0) -> 0 | M26: =VLOOKUP($B26,INDIRECT($D26&"!$AG$1:$AY$66"),MATCH(M$1,INDIRECT($D26&"!$AG$1:$AY$1"),0),0) -> 1 | N26: =VLOOKUP($B26,INDIRECT($D26&"!$AG$1:$AY$66"),MATCH(N$1,INDIRECT($D26&"!$AG$1:$AY$1"),0),0) -> 0 | ... V26: =VLOOKUP($B26,INDIRECT($D26&"!$AG$1:$AY$66"),MATCH(V$1,INDIRECT($D26&"!$AG$1:$AY$1"),0),0) -> 0 | W26: =VLOOKUP($B26,INDIRECT($D26&"!$AG$1:$AY$66"),MATCH(W$2,INDIRECT($D26&"!$AG$1:$AY$1"),0),0) -> 0 | X26: =IFERROR(_xlfn.XLOOKUP($B26,社保汇总表!B:B,社保汇总表!G:G),0) -> 420.68 | Y26: =VLOOKUP($B26,公积金汇总表!$P:$Q,2,0) -> 118 | AA26: =VLOOKUP($B26,INDIRECT($D26&"!$AG$1:$AY$66"),MATCH(AA$1,INDIRECT($D26&"!$AG$1:$AY$1"),0),0) -> 本月1-5号产假共5天;年假 8小时(04/23 09:00-04/23 18:30)，按人力行政制度哺乳未满1周岁的孩童每天享有1小时哺乳假。 | AB26: =VLOOKUP($B26,INDIRECT($D26&"!$AG$1:$AZ$66"),MATCH(AB$1,INDIRECT($D26&"!$AG$1:$AZ$1"),0),0) -> 0
A27: 25 | B27: 罗洁敏 | C27: 4 | D27: 深圳 | E27: 事业二部/项目二部 | F27: 45169 | G27: =VLOOKUP($B27,INDIRECT($D27&"!$AG$1:$AY$66"),MATCH(G$1,INDIRECT($D27&"!$AG$1:$AY$1"),0),0) -> 24 | H27: =VLOOKUP($B27,INDIRECT($D27&"!$AG$1:$AY$66"),MATCH(H$1,INDIRECT($D27&"!$AG$1:$AY$1"),0),0) -> 22 | I27: =VLOOKUP($B27,INDIRECT($D27&"!$AG$1:$AY$66"),MATCH(I$1,INDIRECT($D27&"!$AG$1:$AY$1"),0),0) -> 0 | J27: =VLOOKUP($B27,INDIRECT($D27&"!$AG$1:$AY$66"),MATCH(J$1,INDIRECT($D27&"!$AG$1:$AY$1"),0),0) -> 0 | K27: =VLOOKUP($B27,INDIRECT($D27&"!$AG$1:$AY$66"),MATCH(K$1,INDIRECT($D27&"!$AG$1:$AY$1"),0),0) -> 0 | L27: =VLOOKUP($B27,INDIRECT($D27&"!$AG$1:$AY$66"),MATCH(L$1,INDIRECT($D27&"!$AG$1:$AY$1"),0),0) -> 1 | M27: =VLOOKUP($B27,INDIRECT($D27&"!$AG$1:$AY$66"),MATCH(M$1,INDIRECT($D27&"!$AG$1:$AY$1"),0),0) -> 0 | N27: =VLOOKUP($B27,INDIRECT($D27&"!$AG$1:$AY$66"),MATCH(N$1,INDIRECT($D27&"!$AG$1:$AY$1"),0),0) -> 0 | ... V27: =VLOOKUP($B27,INDIRECT($D27&"!$AG$1:$AY$66"),MATCH(V$1,INDIRECT($D27&"!$AG$1:$AY$1"),0),0) -> 0 | W27: =VLOOKUP($B27,INDIRECT($D27&"!$AG$1:$AY$66"),MATCH(W$2,INDIRECT($D27&"!$AG$1:$AY$1"),0),0) -> 0 | X27: =IFERROR(_xlfn.XLOOKUP($B27,社保汇总表!B:B,社保汇总表!G:G),0) -> 521.58 | Y27: =VLOOKUP($B27,公积金汇总表!$P:$Q,2,0) -> 126 | AA27: =VLOOKUP($B27,INDIRECT($D27&"!$AG$1:$AY$66"),MATCH(AA$1,INDIRECT($D27&"!$AG$1:$AY$1"),0),0) -> 事假 8小时(04/24 09:00-04/24 18:30)，30日离职 | AB27: =VLOOKUP($B27,INDIRECT($D27&"!$AG$1:$AZ$66"),MATCH(AB$1,INDIRECT($D27&"!$AG$1:$AZ$1"),0),0) -> 0
A28: 26 | B28: 李彩花 | C28: 4 | D28: 深圳 | E28: 事业二部/项目二部 | F28: 45486 | G28: =VLOOKUP($B28,INDIRECT($D28&"!$AG$1:$AY$66"),MATCH(G$1,INDIRECT($D28&"!$AG$1:$AY$1"),0),0) -> 24 | H28: =VLOOKUP($B28,INDIRECT($D28&"!$AG$1:$AY$66"),MATCH(H$1,INDIRECT($D28&"!$AG$1:$AY$1"),0),0) -> 22 | I28: =VLOOKUP($B28,INDIRECT($D28&"!$AG$1:$AY$66"),MATCH(I$1,INDIRECT($D28&"!$AG$1:$AY$1"),0),0) -> 0 | J28: =VLOOKUP($B28,INDIRECT($D28&"!$AG$1:$AY$66"),MATCH(J$1,INDIRECT($D28&"!$AG$1:$AY$1"),0),0) -> 0 | K28: =VLOOKUP($B28,INDIRECT($D28&"!$AG$1:$AY$66"),MATCH(K$1,INDIRECT($D28&"!$AG$1:$AY$1"),0),0) -> 0 | L28: =VLOOKUP($B28,INDIRECT($D28&"!$AG$1:$AY$66"),MATCH(L$1,INDIRECT($D28&"!$AG$1:$AY$1"),0),0) -> 0 | M28: =VLOOKUP($B28,INDIRECT($D28&"!$AG$1:$AY$66"),MATCH(M$1,INDIRECT($D28&"!$AG$1:$AY$1"),0),0) -> 1 | N28: =VLOOKUP($B28,INDIRECT($D28&"!$AG$1:$AY$66"),MATCH(N$1,INDIRECT($D28&"!$AG$1:$AY$1"),0),0) -> 0 | ... V28: =VLOOKUP($B28,INDIRECT($D28&"!$AG$1:$AY$66"),MATCH(V$1,INDIRECT($D28&"!$AG$1:$AY$1"),0),0) -> 0 | W28: =VLOOKUP($B28,INDIRECT($D28&"!$AG$1:$AY$66"),MATCH(W$2,INDIRECT($D28&"!$AG$1:$AY$1"),0),0) -> 200 | X28: =IFERROR(_xlfn.XLOOKUP($B28,社保汇总表!B:B,社保汇总表!G:G),0) -> 420.68 | Y28: =VLOOKUP($B28,公积金汇总表!$P:$Q,2,0) -> 126 | AA28: =VLOOKUP($B28,INDIRECT($D28&"!$AG$1:$AY$66"),MATCH(AA$1,INDIRECT($D28&"!$AG$1:$AY$1"),0),0) -> 全勤，年假 8小时(04/22 09:00-04/22 18:30) | AB28: =VLOOKUP($B28,INDIRECT($D28&"!$AG$1:$AZ$66"),MATCH(AB$1,INDIRECT($D28&"!$AG$1:$AZ$1"),0),0) -> 0
A29: 27 | B29: 张雅丽 | C29: 4 | D29: 深圳 | E29: 事业二部/项目五部 | F29: 43577 | G29: =VLOOKUP($B29,INDIRECT($D29&"!$AG$1:$AY$66"),MATCH(G$1,INDIRECT($D29&"!$AG$1:$AY$1"),0),0) -> 24 | H29: =VLOOKUP($B29,INDIRECT($D29&"!$AG$1:$AY$66"),MATCH(H$1,INDIRECT($D29&"!$AG$1:$AY$1"),0),0) -> 22 | I29: =VLOOKUP($B29,INDIRECT($D29&"!$AG$1:$AY$66"),MATCH(I$1,INDIRECT($D29&"!$AG$1:$AY$1"),0),0) -> 0 | J29: =VLOOKUP($B29,INDIRECT($D29&"!$AG$1:$AY$66"),MATCH(J$1,INDIRECT($D29&"!$AG$1:$AY$1"),0),0) -> 0 | K29: =VLOOKUP($B29,INDIRECT($D29&"!$AG$1:$AY$66"),MATCH(K$1,INDIRECT($D29&"!$AG$1:$AY$1"),0),0) -> 0 | L29: =VLOOKUP($B29,INDIRECT($D29&"!$AG$1:$AY$66"),MATCH(L$1,INDIRECT($D29&"!$AG$1:$AY$1"),0),0) -> 0 | M29: =VLOOKUP($B29,INDIRECT($D29&"!$AG$1:$AY$66"),MATCH(M$1,INDIRECT($D29&"!$AG$1:$AY$1"),0),0) -> 1 | N29: =VLOOKUP($B29,INDIRECT($D29&"!$AG$1:$AY$66"),MATCH(N$1,INDIRECT($D29&"!$AG$1:$AY$1"),0),0) -> 0 | ... V29: =VLOOKUP($B29,INDIRECT($D29&"!$AG$1:$AY$66"),MATCH(V$1,INDIRECT($D29&"!$AG$1:$AY$1"),0),0) -> 0 | W29: =VLOOKUP($B29,INDIRECT($D29&"!$AG$1:$AY$66"),MATCH(W$2,INDIRECT($D29&"!$AG$1:$AY$1"),0),0) -> 200 | X29: =IFERROR(_xlfn.XLOOKUP($B29,社保汇总表!B:B,社保汇总表!G:G),0) -> 420.68 | Y29: =VLOOKUP($B29,公积金汇总表!$P:$Q,2,0) -> 118 | AA29: =VLOOKUP($B29,INDIRECT($D29&"!$AG$1:$AY$66"),MATCH(AA$1,INDIRECT($D29&"!$AG$1:$AY$1"),0),0) -> 全勤，年假 8小时(04/20 09:00-04/20 18:30) | AB29: =VLOOKUP($B29,INDIRECT($D29&"!$AG$1:$AZ$66"),MATCH(AB$1,INDIRECT($D29&"!$AG$1:$AZ$1"),0),0) -> 26.5
A30: 28 | B30: 范婷 | C30: 4 | D30: 深圳 | E30: 事业二部/项目五部 | F30: 45627 | G30: =VLOOKUP($B30,INDIRECT($D30&"!$AG$1:$AY$66"),MATCH(G$1,INDIRECT($D30&"!$AG$1:$AY$1"),0),0) -> 24 | H30: =VLOOKUP($B30,INDIRECT($D30&"!$AG$1:$AY$66"),MATCH(H$1,INDIRECT($D30&"!$AG$1:$AY$1"),0),0) -> 0 | I30: =VLOOKUP($B30,INDIRECT($D30&"!$AG$1:$AY$66"),MATCH(I$1,INDIRECT($D30&"!$AG$1:$AY$1"),0),0) -> 0 | J30: =VLOOKUP($B30,INDIRECT($D30&"!$AG$1:$AY$66"),MATCH(J$1,INDIRECT($D30&"!$AG$1:$AY$1"),0),0) -> 0 | K30: =VLOOKUP($B30,INDIRECT($D30&"!$AG$1:$AY$66"),MATCH(K$1,INDIRECT($D30&"!$AG$1:$AY$1"),0),0) -> 0 | L30: =VLOOKUP($B30,INDIRECT($D30&"!$AG$1:$AY$66"),MATCH(L$1,INDIRECT($D30&"!$AG$1:$AY$1"),0),0) -> 0 | M30: =VLOOKUP($B30,INDIRECT($D30&"!$AG$1:$AY$66"),MATCH(M$1,INDIRECT($D30&"!$AG$1:$AY$1"),0),0) -> 0 | N30: =VLOOKUP($B30,INDIRECT($D30&"!$AG$1:$AY$66"),MATCH(N$1,INDIRECT($D30&"!$AG$1:$AY$1"),0),0) -> 0 | ... V30: =VLOOKUP($B30,INDIRECT($D30&"!$AG$1:$AY$66"),MATCH(V$1,INDIRECT($D30&"!$AG$1:$AY$1"),0),0) -> 0 | W30: =VLOOKUP($B30,INDIRECT($D30&"!$AG$1:$AY$66"),MATCH(W$2,INDIRECT($D30&"!$AG$1:$AY$1"),0),0) -> 0 | X30: =IFERROR(_xlfn.XLOOKUP($B30,社保汇总表!B:B,社保汇总表!G:G),0) -> 420.68 | Y30: =VLOOKUP($B30,公积金汇总表!$P:$Q,2,0) -> 118 | AA30: =VLOOKUP($B30,INDIRECT($D30&"!$AG$1:$AY$66"),MATCH(AA$1,INDIRECT($D30&"!$AG$1:$AY$1"),0),0) -> 产假 178天(01/05 上午-07/01 下午) | AB30: =VLOOKUP($B30,INDIRECT($D30&"!$AG$1:$AZ$66"),MATCH(AB$1,INDIRECT($D30&"!$AG$1:$AZ$1"),0),0) -> 0
A31: 29 | B31: 张芮 | C31: 4 | D31: 深圳 | E31: 事业二部/项目五部 | F31: 45901 | G31: =VLOOKUP($B31,INDIRECT($D31&"!$AG$1:$AY$66"),MATCH(G$1,INDIRECT($D31&"!$AG$1:$AY$1"),0),0) -> 24 | H31: =VLOOKUP($B31,INDIRECT($D31&"!$AG$1:$AY$66"),MATCH(H$1,INDIRECT($D31&"!$AG$1:$AY$1"),0),0) -> 23 | I31: =VLOOKUP($B31,INDIRECT($D31&"!$AG$1:$AY$66"),MATCH(I$1,INDIRECT($D31&"!$AG$1:$AY$1"),0),0) -> 0 | J31: =VLOOKUP($B31,INDIRECT($D31&"!$AG$1:$AY$66"),MATCH(J$1,INDIRECT($D31&"!$AG$1:$AY$1"),0),0) -> 0 | K31: =VLOOKUP($B31,INDIRECT($D31&"!$AG$1:$AY$66"),MATCH(K$1,INDIRECT($D31&"!$AG$1:$AY$1"),0),0) -> 0 | L31: =VLOOKUP($B31,INDIRECT($D31&"!$AG$1:$AY$66"),MATCH(L$1,INDIRECT($D31&"!$AG$1:$AY$1"),0),0) -> 0 | M31: =VLOOKUP($B31,INDIRECT($D31&"!$AG$1:$AY$66"),MATCH(M$1,INDIRECT($D31&"!$AG$1:$AY$1"),0),0) -> 0 | N31: =VLOOKUP($B31,INDIRECT($D31&"!$AG$1:$AY$66"),MATCH(N$1,INDIRECT($D31&"!$AG$1:$AY$1"),0),0) -> 0 | ... V31: =VLOOKUP($B31,INDIRECT($D31&"!$AG$1:$AY$66"),MATCH(V$1,INDIRECT($D31&"!$AG$1:$AY$1"),0),0) -> 0 | W31: =VLOOKUP($B31,INDIRECT($D31&"!$AG$1:$AY$66"),MATCH(W$2,INDIRECT($D31&"!$AG$1:$AY$1"),0),0) -> 200 | X31: =IFERROR(_xlfn.XLOOKUP($B31,社保汇总表!B:B,社保汇总表!G:G),0) -> 420.68 | Y31: =VLOOKUP($B31,公积金汇总表!$P:$Q,2,0) -> 126 | AA31: =VLOOKUP($B31,INDIRECT($D31&"!$AG$1:$AY$66"),MATCH(AA$1,INDIRECT($D31&"!$AG$1:$AY$1"),0),0) -> 全勤 | AB31: =VLOOKUP($B31,INDIRECT($D31&"!$AG$1:$AZ$66"),MATCH(AB$1,INDIRECT($D31&"!$AG$1:$AZ$1"),0),0) -> 2.5
A32: 30 | B32: 杨琴 | C32: 4 | D32: 深圳 | E32: 事业二部/项目五部 | F32: 46071 | G32: =VLOOKUP($B32,INDIRECT($D32&"!$AG$1:$AY$66"),MATCH(G$1,INDIRECT($D32&"!$AG$1:$AY$1"),0),0) -> 24 | H32: =VLOOKUP($B32,INDIRECT($D32&"!$AG$1:$AY$66"),MATCH(H$1,INDIRECT($D32&"!$AG$1:$AY$1"),0),0) -> 19 | I32: =VLOOKUP($B32,INDIRECT($D32&"!$AG$1:$AY$66"),MATCH(I$1,INDIRECT($D32&"!$AG$1:$AY$1"),0),0) -> 10 | J32: =VLOOKUP($B32,INDIRECT($D32&"!$AG$1:$AY$66"),MATCH(J$1,INDIRECT($D32&"!$AG$1:$AY$1"),0),0) -> 1 | K32: =VLOOKUP($B32,INDIRECT($D32&"!$AG$1:$AY$66"),MATCH(K$1,INDIRECT($D32&"!$AG$1:$AY$1"),0),0) -> 0 | L32: =VLOOKUP($B32,INDIRECT($D32&"!$AG$1:$AY$66"),MATCH(L$1,INDIRECT($D32&"!$AG$1:$AY$1"),0),0) -> 0 | M32: =VLOOKUP($B32,INDIRECT($D32&"!$AG$1:$AY$66"),MATCH(M$1,INDIRECT($D32&"!$AG$1:$AY$1"),0),0) -> 0 | N32: =VLOOKUP($B32,INDIRECT($D32&"!$AG$1:$AY$66"),MATCH(N$1,INDIRECT($D32&"!$AG$1:$AY$1"),0),0) -> 4 | ... V32: =VLOOKUP($B32,INDIRECT($D32&"!$AG$1:$AY$66"),MATCH(V$1,INDIRECT($D32&"!$AG$1:$AY$1"),0),0) -> 0 | W32: =VLOOKUP($B32,INDIRECT($D32&"!$AG$1:$AY$66"),MATCH(W$2,INDIRECT($D32&"!$AG$1:$AY$1"),0),0) -> 0 | X32: =IFERROR(_xlfn.XLOOKUP($B32,社保汇总表!B:B,社保汇总表!G:G),0) -> 420.68 | Y32: =VLOOKUP($B32,公积金汇总表!$P:$Q,2,0) -> 126 | AA32: =VLOOKUP($B32,INDIRECT($D32&"!$AG$1:$AY$66"),MATCH(AA$1,INDIRECT($D32&"!$AG$1:$AY$1"),0),0) -> 病假 32小时(04/01 09:00-04/04 18:30)，缺卡1次，迟到2次共10分钟 | AB32: =VLOOKUP($B32,INDIRECT($D32&"!$AG$1:$AZ$66"),MATCH(AB$1,INDIRECT($D32&"!$AG$1:$AZ$1"),0),0) -> 0
A33: 31 | B33: 文奕凡 | C33: 4 | D33: 深圳 | E33: 事业二部/项目二部 | F33: 46121 | G33: =VLOOKUP($B33,INDIRECT($D33&"!$AG$1:$AY$66"),MATCH(G$1,INDIRECT($D33&"!$AG$1:$AY$1"),0),0) -> 24 | H33: =VLOOKUP($B33,INDIRECT($D33&"!$AG$1:$AY$66"),MATCH(H$1,INDIRECT($D33&"!$AG$1:$AY$1"),0),0) -> 22 | I33: =VLOOKUP($B33,INDIRECT($D33&"!$AG$1:$AY$66"),MATCH(I$1,INDIRECT($D33&"!$AG$1:$AY$1"),0),0) -> 4 | J33: =VLOOKUP($B33,INDIRECT($D33&"!$AG$1:$AY$66"),MATCH(J$1,INDIRECT($D33&"!$AG$1:$AY$1"),0),0) -> 0 | K33: =VLOOKUP($B33,INDIRECT($D33&"!$AG$1:$AY$66"),MATCH(K$1,INDIRECT($D33&"!$AG$1:$AY$1"),0),0) -> 0 | L33: =VLOOKUP($B33,INDIRECT($D33&"!$AG$1:$AY$66"),MATCH(L$1,INDIRECT($D33&"!$AG$1:$AY$1"),0),0) -> 0 | M33: =VLOOKUP($B33,INDIRECT($D33&"!$AG$1:$AY$66"),MATCH(M$1,INDIRECT($D33&"!$AG$1:$AY$1"),0),0) -> 0 | N33: =VLOOKUP($B33,INDIRECT($D33&"!$AG$1:$AY$66"),MATCH(N$1,INDIRECT($D33&"!$AG$1:$AY$1"),0),0) -> 1 | ... V33: =VLOOKUP($B33,INDIRECT($D33&"!$AG$1:$AY$66"),MATCH(V$1,INDIRECT($D33&"!$AG$1:$AY$1"),0),0) -> 0 | W33: =VLOOKUP($B33,INDIRECT($D33&"!$AG$1:$AY$66"),MATCH(W$2,INDIRECT($D33&"!$AG$1:$AY$1"),0),0) -> 0 | X33: =IFERROR(_xlfn.XLOOKUP($B33,社保汇总表!B:B,社保汇总表!G:G),0) -> 420.68 | Y33: =VLOOKUP($B33,公积金汇总表!$P:$Q,2,0) -> 126 | AA33: =VLOOKUP($B33,INDIRECT($D33&"!$AG$1:$AY$66"),MATCH(AA$1,INDIRECT($D33&"!$AG$1:$AY$1"),0),0) -> 病假 8小时(04/21 09:00-04/21 18:30)，迟到3次共4分钟 | AB33: =VLOOKUP($B33,INDIRECT($D33&"!$AG$1:$AZ$66"),MATCH(AB$1,INDIRECT($D33&"!$AG$1:$AZ$1"),0),0) -> 0
A34: 32 | B34: 陈晓波 | C34: 4 | D34: 深圳 | E34: 事业六部/项目六部 | F34: 42705 | G34: =VLOOKUP($B34,INDIRECT($D34&"!$AG$1:$AY$66"),MATCH(G$1,INDIRECT($D34&"!$AG$1:$AY$1"),0),0) -> 24 | H34: =VLOOKUP($B34,INDIRECT($D34&"!$AG$1:$AY$66"),MATCH(H$1,INDIRECT($D34&"!$AG$1:$AY$1"),0),0) -> 22.44 | I34: =VLOOKUP($B34,INDIRECT($D34&"!$AG$1:$AY$66"),MATCH(I$1,INDIRECT($D34&"!$AG$1:$AY$1"),0),0) -> 0 | J34: =VLOOKUP($B34,INDIRECT($D34&"!$AG$1:$AY$66"),MATCH(J$1,INDIRECT($D34&"!$AG$1:$AY$1"),0),0) -> 0 | K34: =VLOOKUP($B34,INDIRECT($D34&"!$AG$1:$AY$66"),MATCH(K$1,INDIRECT($D34&"!$AG$1:$AY$1"),0),0) -> 0 | L34: =VLOOKUP($B34,INDIRECT($D34&"!$AG$1:$AY$66"),MATCH(L$1,INDIRECT($D34&"!$AG$1:$AY$1"),0),0) -> 0 | M34: =VLOOKUP($B34,INDIRECT($D34&"!$AG$1:$AY$66"),MATCH(M$1,INDIRECT($D34&"!$AG$1:$AY$1"),0),0) -> 0.56 | N34: =VLOOKUP($B34,INDIRECT($D34&"!$AG$1:$AY$66"),MATCH(N$1,INDIRECT($D34&"!$AG$1:$AY$1"),0),0) -> 0 | ... V34: =VLOOKUP($B34,INDIRECT($D34&"!$AG$1:$AY$66"),MATCH(V$1,INDIRECT($D34&"!$AG$1:$AY$1"),0),0) -> 0 | W34: =VLOOKUP($B34,INDIRECT($D34&"!$AG$1:$AY$66"),MATCH(W$2,INDIRECT($D34&"!$AG$1:$AY$1"),0),0) -> 200 | X34: =IFERROR(_xlfn.XLOOKUP($B34,社保汇总表!B:B,社保汇总表!G:G),0) -> 420.68 | Y34: =VLOOKUP($B34,公积金汇总表!$P:$Q,2,0) -> 118 | AA34: =VLOOKUP($B34,INDIRECT($D34&"!$AG$1:$AY$66"),MATCH(AA$1,INDIRECT($D34&"!$AG$1:$AY$1"),0),0) -> 全勤，年假 4.5小时(04/17 14:00-04/17 18:30) | AB34: =VLOOKUP($B34,INDIRECT($D34&"!$AG$1:$AZ$66"),MATCH(AB$1,INDIRECT($D34&"!$AG$1:$AZ$1"),0),0) -> 0
A35: 33 | B35: 卢丹婷 | C35: 4 | D35: 深圳 | E35: 事业六部/项目六部 | F35: 43739 | G35: =VLOOKUP($B35,INDIRECT($D35&"!$AG$1:$AY$66"),MATCH(G$1,INDIRECT($D35&"!$AG$1:$AY$1"),0),0) -> 24 | H35: =VLOOKUP($B35,INDIRECT($D35&"!$AG$1:$AY$66"),MATCH(H$1,INDIRECT($D35&"!$AG$1:$AY$1"),0),0) -> 22.44 | I35: =VLOOKUP($B35,INDIRECT($D35&"!$AG$1:$AY$66"),MATCH(I$1,INDIRECT($D35&"!$AG$1:$AY$1"),0),0) -> 0 | J35: =VLOOKUP($B35,INDIRECT($D35&"!$AG$1:$AY$66"),MATCH(J$1,INDIRECT($D35&"!$AG$1:$AY$1"),0),0) -> 0 | K35: =VLOOKUP($B35,INDIRECT($D35&"!$AG$1:$AY$66"),MATCH(K$1,INDIRECT($D35&"!$AG$1:$AY$1"),0),0) -> 0 | L35: =VLOOKUP($B35,INDIRECT($D35&"!$AG$1:$AY$66"),MATCH(L$1,INDIRECT($D35&"!$AG$1:$AY$1"),0),0) -> 0 | M35: =VLOOKUP($B35,INDIRECT($D35&"!$AG$1:$AY$66"),MATCH(M$1,INDIRECT($D35&"!$AG$1:$AY$1"),0),0) -> 0.56 | N35: =VLOOKUP($B35,INDIRECT($D35&"!$AG$1:$AY$66"),MATCH(N$1,INDIRECT($D35&"!$AG$1:$AY$1"),0),0) -> 0 | ... V35: =VLOOKUP($B35,INDIRECT($D35&"!$AG$1:$AY$66"),MATCH(V$1,INDIRECT($D35&"!$AG$1:$AY$1"),0),0) -> 0 | W35: =VLOOKUP($B35,INDIRECT($D35&"!$AG$1:$AY$66"),MATCH(W$2,INDIRECT($D35&"!$AG$1:$AY$1"),0),0) -> 200 | X35: =IFERROR(_xlfn.XLOOKUP($B35,社保汇总表!B:B,社保汇总表!G:G),0) -> 521.58 | Y35: =VLOOKUP($B35,公积金汇总表!$P:$Q,2,0) -> 126 | AA35: =VLOOKUP($B35,INDIRECT($D35&"!$AG$1:$AY$66"),MATCH(AA$1,INDIRECT($D35&"!$AG$1:$AY$1"),0),0) -> 全勤，年假 4.5小时(04/17 14:00-04/17 18:30) | AB35: =VLOOKUP($B35,INDIRECT($D35&"!$AG$1:$AZ$66"),MATCH(AB$1,INDIRECT($D35&"!$AG$1:$AZ$1"),0),0) -> 0.5
... A49: 47 | B49: 陈丹敏 | C49: 4 | D49: 深圳 | E49: 事业四部/项目一部/精品一部 | F49: 44348 | G49: =VLOOKUP($B49,INDIRECT($D49&"!$AG$1:$AY$66"),MATCH(G$1,INDIRECT($D49&"!$AG$1:$AY$1"),0),0) -> 24 | H49: =VLOOKUP($B49,INDIRECT($D49&"!$AG$1:$AY$66"),MATCH(H$1,INDIRECT($D49&"!$AG$1:$AY$1"),0),0) -> 22.56 | I49: =VLOOKUP($B49,INDIRECT($D49&"!$AG$1:$AY$66"),MATCH(I$1,INDIRECT($D49&"!$AG$1:$AY$1"),0),0) -> 0 | J49: =VLOOKUP($B49,INDIRECT($D49&"!$AG$1:$AY$66"),MATCH(J$1,INDIRECT($D49&"!$AG$1:$AY$1"),0),0) -> 0 | K49: =VLOOKUP($B49,INDIRECT($D49&"!$AG$1:$AY$66"),MATCH(K$1,INDIRECT($D49&"!$AG$1:$AY$1"),0),0) -> 0 | L49: =VLOOKUP($B49,INDIRECT($D49&"!$AG$1:$AY$66"),MATCH(L$1,INDIRECT($D49&"!$AG$1:$AY$1"),0),0) -> 0 | M49: =VLOOKUP($B49,INDIRECT($D49&"!$AG$1:$AY$66"),MATCH(M$1,INDIRECT($D49&"!$AG$1:$AY$1"),0),0) -> 0.44 | N49: =VLOOKUP($B49,INDIRECT($D49&"!$AG$1:$AY$66"),MATCH(N$1,INDIRECT($D49&"!$AG$1:$AY$1"),0),0) -> 0 | ... V49: =VLOOKUP($B49,INDIRECT($D49&"!$AG$1:$AY$66"),MATCH(V$1,INDIRECT($D49&"!$AG$1:$AY$1"),0),0) -> 0 | W49: =VLOOKUP($B49,INDIRECT($D49&"!$AG$1:$AY$66"),MATCH(W$2,INDIRECT($D49&"!$AG$1:$AY$1"),0),0) -> 200 | X49: =IFERROR(_xlfn.XLOOKUP($B49,社保汇总表!B:B,社保汇总表!G:G),0) -> 420.68 | Y49: =VLOOKUP($B49,公积金汇总表!$P:$Q,2,0) -> 126 | AA49: =VLOOKUP($B49,INDIRECT($D49&"!$AG$1:$AY$66"),MATCH(AA$1,INDIRECT($D49&"!$AG$1:$AY$1"),0),0) -> 全勤，年假 3.5小时(04/28 09:00-04/28 12:30) | AB49: =VLOOKUP($B49,INDIRECT($D49&"!$AG$1:$AZ$66"),MATCH(AB$1,INDIRECT($D49&"!$AG$1:$AZ$1"),0),0) -> 0
A50: 48 | B50: 姚源 | C50: 4 | D50: 深圳 | E50: 事业四部/项目一部/精品一部 | G50: =VLOOKUP($B50,INDIRECT($D50&"!$AG$1:$AY$66"),MATCH(G$1,INDIRECT($D50&"!$AG$1:$AY$1"),0),0) -> 24 | H50: =VLOOKUP($B50,INDIRECT($D50&"!$AG$1:$AY$66"),MATCH(H$1,INDIRECT($D50&"!$AG$1:$AY$1"),0),0) -> 23 | I50: =VLOOKUP($B50,INDIRECT($D50&"!$AG$1:$AY$66"),MATCH(I$1,INDIRECT($D50&"!$AG$1:$AY$1"),0),0) -> 0 | J50: =VLOOKUP($B50,INDIRECT($D50&"!$AG$1:$AY$66"),MATCH(J$1,INDIRECT($D50&"!$AG$1:$AY$1"),0),0) -> 0 | K50: =VLOOKUP($B50,INDIRECT($D50&"!$AG$1:$AY$66"),MATCH(K$1,INDIRECT($D50&"!$AG$1:$AY$1"),0),0) -> 0 | L50: =VLOOKUP($B50,INDIRECT($D50&"!$AG$1:$AY$66"),MATCH(L$1,INDIRECT($D50&"!$AG$1:$AY$1"),0),0) -> 0 | M50: =VLOOKUP($B50,INDIRECT($D50&"!$AG$1:$AY$66"),MATCH(M$1,INDIRECT($D50&"!$AG$1:$AY$1"),0),0) -> 0 | N50: =VLOOKUP($B50,INDIRECT($D50&"!$AG$1:$AY$66"),MATCH(N$1,INDIRECT($D50&"!$AG$1:$AY$1"),0),0) -> 0 | ... V50: =VLOOKUP($B50,INDIRECT($D50&"!$AG$1:$AY$66"),MATCH(V$1,INDIRECT($D50&"!$AG$1:$AY$1"),0),0) -> 0 | W50: =VLOOKUP($B50,INDIRECT($D50&"!$AG$1:$AY$66"),MATCH(W$2,INDIRECT($D50&"!$AG$1:$AY$1"),0),0) -> 200 | X50: =IFERROR(_xlfn.XLOOKUP($B50,社保汇总表!B:B,社保汇总表!G:G),0) -> 521.58 | Y50: =VLOOKUP($B50,公积金汇总表!$P:$Q,2,0) -> 126 | AA50: =VLOOKUP($B50,INDIRECT($D50&"!$AG$1:$AY$66"),MATCH(AA$1,INDIRECT($D50&"!$AG$1:$AY$1"),0),0) -> 全勤 | AB50: =VLOOKUP($B50,INDIRECT($D50&"!$AG$1:$AZ$66"),MATCH(AB$1,INDIRECT($D50&"!$AG$1:$AZ$1"),0),0) -> 0
A51: 49 | B51: 邓佳琪 | C51: 4 | D51: 深圳 | E51: 事业四部/项目一部/精品一部 | G51: =VLOOKUP($B51,INDIRECT($D51&"!$AG$1:$AY$66"),MATCH(G$1,INDIRECT($D51&"!$AG$1:$AY$1"),0),0) -> 24 | H51: =VLOOKUP($B51,INDIRECT($D51&"!$AG$1:$AY$66"),MATCH(H$1,INDIRECT($D51&"!$AG$1:$AY$1"),0),0) -> 23 | I51: =VLOOKUP($B51,INDIRECT($D51&"!$AG$1:$AY$66"),MATCH(I$1,INDIRECT($D51&"!$AG$1:$AY$1"),0),0) -> 0 | J51: =VLOOKUP($B51,INDIRECT($D51&"!$AG$1:$AY$66"),MATCH(J$1,INDIRECT($D51&"!$AG$1:$AY$1"),0),0) -> 0 | K51: =VLOOKUP($B51,INDIRECT($D51&"!$AG$1:$AY$66"),MATCH(K$1,INDIRECT($D51&"!$AG$1:$AY$1"),0),0) -> 0 | L51: =VLOOKUP($B51,INDIRECT($D51&"!$AG$1:$AY$66"),MATCH(L$1,INDIRECT($D51&"!$AG$1:$AY$1"),0),0) -> 0 | M51: =VLOOKUP($B51,INDIRECT($D51&"!$AG$1:$AY$66"),MATCH(M$1,INDIRECT($D51&"!$AG$1:$AY$1"),0),0) -> 0 | N51: =VLOOKUP($B51,INDIRECT($D51&"!$AG$1:$AY$66"),MATCH(N$1,INDIRECT($D51&"!$AG$1:$AY$1"),0),0) -> 0 | ... V51: =VLOOKUP($B51,INDIRECT($D51&"!$AG$1:$AY$66"),MATCH(V$1,INDIRECT($D51&"!$AG$1:$AY$1"),0),0) -> 0 | W51: =VLOOKUP($B51,INDIRECT($D51&"!$AG$1:$AY$66"),MATCH(W$2,INDIRECT($D51&"!$AG$1:$AY$1"),0),0) -> 200 | X51: =IFERROR(_xlfn.XLOOKUP($B51,社保汇总表!B:B,社保汇总表!G:G),0) -> 521.58 | Y51: =VLOOKUP($B51,公积金汇总表!$P:$Q,2,0) -> 126 | AA51: =VLOOKUP($B51,INDIRECT($D51&"!$AG$1:$AY$66"),MATCH(AA$1,INDIRECT($D51&"!$AG$1:$AY$1"),0),0) -> 全勤 | AB51: =VLOOKUP($B51,INDIRECT($D51&"!$AG$1:$AZ$66"),MATCH(AB$1,INDIRECT($D51&"!$AG$1:$AZ$1"),0),0) -> 0
A52: 50 | B52: 邝碧琪 | C52: 4 | D52: 深圳 | E52: 事业三部/项目八部 | F52: 45881 | G52: =VLOOKUP($B52,INDIRECT($D52&"!$AG$1:$AY$66"),MATCH(G$1,INDIRECT($D52&"!$AG$1:$AY$1"),0),0) -> 24 | H52: =VLOOKUP($B52,INDIRECT($D52&"!$AG$1:$AY$66"),MATCH(H$1,INDIRECT($D52&"!$AG$1:$AY$1"),0),0) -> 23 | I52: =VLOOKUP($B52,INDIRECT($D52&"!$AG$1:$AY$66"),MATCH(I$1,INDIRECT($D52&"!$AG$1:$AY$1"),0),0) -> 0 | J52: =VLOOKUP($B52,INDIRECT($D52&"!$AG$1:$AY$66"),MATCH(J$1,INDIRECT($D52&"!$AG$1:$AY$1"),0),0) -> 0 | K52: =VLOOKUP($B52,INDIRECT($D52&"!$AG$1:$AY$66"),MATCH(K$1,INDIRECT($D52&"!$AG$1:$AY$1"),0),0) -> 0 | L52: =VLOOKUP($B52,INDIRECT($D52&"!$AG$1:$AY$66"),MATCH(L$1,INDIRECT($D52&"!$AG$1:$AY$1"),0),0) -> 0 | M52: =VLOOKUP($B52,INDIRECT($D52&"!$AG$1:$AY$66"),MATCH(M$1,INDIRECT($D52&"!$AG$1:$AY$1"),0),0) -> 0 | N52: =VLOOKUP($B52,INDIRECT($D52&"!$AG$1:$AY$66"),MATCH(N$1,INDIRECT($D52&"!$AG$1:$AY$1"),0),0) -> 0 | ... V52: =VLOOKUP($B52,INDIRECT($D52&"!$AG$1:$AY$66"),MATCH(V$1,INDIRECT($D52&"!$AG$1:$AY$1"),0),0) -> 0 | W52: =VLOOKUP($B52,INDIRECT($D52&"!$AG$1:$AY$66"),MATCH(W$2,INDIRECT($D52&"!$AG$1:$AY$1"),0),0) -> 200 | X52: =IFERROR(_xlfn.XLOOKUP($B52,社保汇总表!B:B,社保汇总表!G:G),0) -> 420.68 | Y52: =VLOOKUP($B52,公积金汇总表!$P:$Q,2,0) -> 126 | AA52: =VLOOKUP($B52,INDIRECT($D52&"!$AG$1:$AY$66"),MATCH(AA$1,INDIRECT($D52&"!$AG$1:$AY$1"),0),0) -> 全勤 | AB52: =VLOOKUP($B52,INDIRECT($D52&"!$AG$1:$AZ$66"),MATCH(AB$1,INDIRECT($D52&"!$AG$1:$AZ$1"),0),0) -> 0
A53: 51 | B53: 彭志荣 | C53: 4 | D53: 仓库 | E53: 仓储部FBA | F53: 44546 | G53: =VLOOKUP($B53,INDIRECT($D53&"!$AG$1:$AY$66"),MATCH(G$1,INDIRECT($D53&"!$AG$1:$AY$1"),0),0) -> 24 | H53: =VLOOKUP($B53,INDIRECT($D53&"!$AG$1:$AY$66"),MATCH(H$1,INDIRECT($D53&"!$AG$1:$AY$1"),0),0) -> 23 | I53: =VLOOKUP($B53,INDIRECT($D53&"!$AG$1:$AY$66"),MATCH(I$1,INDIRECT($D53&"!$AG$1:$AY$1"),0),0) -> 0 | J53: =VLOOKUP($B53,INDIRECT($D53&"!$AG$1:$AY$66"),MATCH(J$1,INDIRECT($D53&"!$AG$1:$AY$1"),0),0) -> 0 | K53: =VLOOKUP($B53,INDIRECT($D53&"!$AG$1:$AY$66"),MATCH(K$1,INDIRECT($D53&"!$AG$1:$AY$1"),0),0) -> 0 | L53: =VLOOKUP($B53,INDIRECT($D53&"!$AG$1:$AY$66"),MATCH(L$1,INDIRECT($D53&"!$AG$1:$AY$1"),0),0) -> 0 | M53: =VLOOKUP($B53,INDIRECT($D53&"!$AG$1:$AY$66"),MATCH(M$1,INDIRECT($D53&"!$AG$1:$AY$1"),0),0) -> 0 | N53: =VLOOKUP($B53,INDIRECT($D53&"!$AG$1:$AY$66"),MATCH(N$1,INDIRECT($D53&"!$AG$1:$AY$1"),0),0) -> 0 | ... V53: =VLOOKUP($B53,INDIRECT($D53&"!$AG$1:$AY$66"),MATCH(V$1,INDIRECT($D53&"!$AG$1:$AY$1"),0),0) -> 0 | W53: =VLOOKUP($B53,INDIRECT($D53&"!$AG$1:$AY$66"),MATCH(W$2,INDIRECT($D53&"!$AG$1:$AY$1"),0),0) -> 200 | X53: =IFERROR(_xlfn.XLOOKUP($B53,社保汇总表!B:B,社保汇总表!G:G),0) -> 420.68 | Y53: =VLOOKUP($B53,公积金汇总表!$P:$Q,2,0) -> 118 | AA53: =VLOOKUP($B53,INDIRECT($D53&"!$AG$1:$AY$66"),MATCH(AA$1,INDIRECT($D53&"!$AG$1:$AY$1"),0),0) -> 全勤 | AB53: =VLOOKUP($B53,INDIRECT($D53&"!$AG$1:$AZ$66"),MATCH(AB$1,INDIRECT($D53&"!$AG$1:$AZ$1"),0),0) -> 1.5
A54: 52 | B54: 农青华 | C54: 4 | D54: 仓库 | E54: 仓储部FBA | F54: 43034 | G54: =VLOOKUP($B54,INDIRECT($D54&"!$AG$1:$AY$66"),MATCH(G$1,INDIRECT($D54&"!$AG$1:$AY$1"),0),0) -> 24 | H54: =VLOOKUP($B54,INDIRECT($D54&"!$AG$1:$AY$66"),MATCH(H$1,INDIRECT($D54&"!$AG$1:$AY$1"),0),0) -> 23 | I54: =VLOOKUP($B54,INDIRECT($D54&"!$AG$1:$AY$66"),MATCH(I$1,INDIRECT($D54&"!$AG$1:$AY$1"),0),0) -> 0 | J54: =VLOOKUP($B54,INDIRECT($D54&"!$AG$1:$AY$66"),MATCH(J$1,INDIRECT($D54&"!$AG$1:$AY$1"),0),0) -> 0 | K54: =VLOOKUP($B54,INDIRECT($D54&"!$AG$1:$AY$66"),MATCH(K$1,INDIRECT($D54&"!$AG$1:$AY$1"),0),0) -> 0 | L54: =VLOOKUP($B54,INDIRECT($D54&"!$AG$1:$AY$66"),MATCH(L$1,INDIRECT($D54&"!$AG$1:$AY$1"),0),0) -> 0 | M54: =VLOOKUP($B54,INDIRECT($D54&"!$AG$1:$AY$66"),MATCH(M$1,INDIRECT($D54&"!$AG$1:$AY$1"),0),0) -> 0 | N54: =VLOOKUP($B54,INDIRECT($D54&"!$AG$1:$AY$66"),MATCH(N$1,INDIRECT($D54&"!$AG$1:$AY$1"),0),0) -> 0 | ... V54: =VLOOKUP($B54,INDIRECT($D54&"!$AG$1:$AY$66"),MATCH(V$1,INDIRECT($D54&"!$AG$1:$AY$1"),0),0) -> 0 | W54: =VLOOKUP($B54,INDIRECT($D54&"!$AG$1:$AY$66"),MATCH(W$2,INDIRECT($D54&"!$AG$1:$AY$1"),0),0) -> 200 | X54: =IFERROR(_xlfn.XLOOKUP($B54,社保汇总表!B:B,社保汇总表!G:G),0) -> 420.68 | Y54: =VLOOKUP($B54,公积金汇总表!$P:$Q,2,0) -> 118 | AA54: =VLOOKUP($B54,INDIRECT($D54&"!$AG$1:$AY$66"),MATCH(AA$1,INDIRECT($D54&"!$AG$1:$AY$1"),0),0) -> 全勤 | AB54: =VLOOKUP($B54,INDIRECT($D54&"!$AG$1:$AZ$66"),MATCH(AB$1,INDIRECT($D54&"!$AG$1:$AZ$1"),0),0) -> 0
A55: 53 | B55: 刘茜 | C55: 4 | D55: 仓库 | E55: 仓储部FBM | F55: 44587 | G55: =VLOOKUP($B55,INDIRECT($D55&"!$AG$1:$AY$66"),MATCH(G$1,INDIRECT($D55&"!$AG$1:$AY$1"),0),0) -> 24 | H55: =VLOOKUP($B55,INDIRECT($D55&"!$AG$1:$AY$66"),MATCH(H$1,INDIRECT($D55&"!$AG$1:$AY$1"),0),0) -> 22.37 | I55: =VLOOKUP($B55,INDIRECT($D55&"!$AG$1:$AY$66"),MATCH(I$1,INDIRECT($D55&"!$AG$1:$AY$1"),0),0) -> 0 | J55: =VLOOKUP($B55,INDIRECT($D55&"!$AG$1:$AY$66"),MATCH(J$1,INDIRECT($D55&"!$AG$1:$AY$1"),0),0) -> 0 | K55: =VLOOKUP($B55,INDIRECT($D55&"!$AG$1:$AY$66"),MATCH(K$1,INDIRECT($D55&"!$AG$1:$AY$1"),0),0) -> 0 | L55: =VLOOKUP($B55,INDIRECT($D55&"!$AG$1:$AY$66"),MATCH(L$1,INDIRECT($D55&"!$AG$1:$AY$1"),0),0) -> 0 | M55: =VLOOKUP($B55,INDIRECT($D55&"!$AG$1:$AY$66"),MATCH(M$1,INDIRECT($D55&"!$AG$1:$AY$1"),0),0) -> 0.63 | N55: =VLOOKUP($B55,INDIRECT($D55&"!$AG$1:$AY$66"),MATCH(N$1,INDIRECT($D55&"!$AG$1:$AY$1"),0),0) -> 0 | ... V55: =VLOOKUP($B55,INDIRECT($D55&"!$AG$1:$AY$66"),MATCH(V$1,INDIRECT($D55&"!$AG$1:$AY$1"),0),0) -> 0 | W55: =VLOOKUP($B55,INDIRECT($D55&"!$AG$1:$AY$66"),MATCH(W$2,INDIRECT($D55&"!$AG$1:$AY$1"),0),0) -> 200 | X55: =IFERROR(_xlfn.XLOOKUP($B55,社保汇总表!B:B,社保汇总表!G:G),0) -> 420.68 | Y55: =VLOOKUP($B55,公积金汇总表!$P:$Q,2,0) -> 118 | AA55: =VLOOKUP($B55,INDIRECT($D55&"!$AG$1:$AY$66"),MATCH(AA$1,INDIRECT($D55&"!$AG$1:$AY$1"),0),0) -> 全勤，年假 5小时(04/15 13:30-04/15 18:30) | AB55: =VLOOKUP($B55,INDIRECT($D55&"!$AG$1:$AZ$66"),MATCH(AB$1,INDIRECT($D55&"!$AG$1:$AZ$1"),0),0) -> 0.5
A56: 54 | B56: 樊莉莉 | C56: 4 | D56: 仓库 | E56: 仓储部FBM | F56: 43082 | G56: =VLOOKUP($B56,INDIRECT($D56&"!$AG$1:$AY$66"),MATCH(G$1,INDIRECT($D56&"!$AG$1:$AY$1"),0),0) -> 24 | H56: =VLOOKUP($B56,INDIRECT($D56&"!$AG$1:$AY$66"),MATCH(H$1,INDIRECT($D56&"!$AG$1:$AY$1"),0),0) -> 23 | I56: =VLOOKUP($B56,INDIRECT($D56&"!$AG$1:$AY$66"),MATCH(I$1,INDIRECT($D56&"!$AG$1:$AY$1"),0),0) -> 0 | J56: =VLOOKUP($B56,INDIRECT($D56&"!$AG$1:$AY$66"),MATCH(J$1,INDIRECT($D56&"!$AG$1:$AY$1"),0),0) -> 0 | K56: =VLOOKUP($B56,INDIRECT($D56&"!$AG$1:$AY$66"),MATCH(K$1,INDIRECT($D56&"!$AG$1:$AY$1"),0),0) -> 0 | L56: =VLOOKUP($B56,INDIRECT($D56&"!$AG$1:$AY$66"),MATCH(L$1,INDIRECT($D56&"!$AG$1:$AY$1"),0),0) -> 0 | M56: =VLOOKUP($B56,INDIRECT($D56&"!$AG$1:$AY$66"),MATCH(M$1,INDIRECT($D56&"!$AG$1:$AY$1"),0),0) -> 0 | N56: =VLOOKUP($B56,INDIRECT($D56&"!$AG$1:$AY$66"),MATCH(N$1,INDIRECT($D56&"!$AG$1:$AY$1"),0),0) -> 0 | ... V56: =VLOOKUP($B56,INDIRECT($D56&"!$AG$1:$AY$66"),MATCH(V$1,INDIRECT($D56&"!$AG$1:$AY$1"),0),0) -> 0 | W56: =VLOOKUP($B56,INDIRECT($D56&"!$AG$1:$AY$66"),MATCH(W$2,INDIRECT($D56&"!$AG$1:$AY$1"),0),0) -> 200 | X56: =IFERROR(_xlfn.XLOOKUP($B56,社保汇总表!B:B,社保汇总表!G:G),0) -> 420.68 | Y56: =VLOOKUP($B56,公积金汇总表!$P:$Q,2,0) -> 118 | AA56: =VLOOKUP($B56,INDIRECT($D56&"!$AG$1:$AY$66"),MATCH(AA$1,INDIRECT($D56&"!$AG$1:$AY$1"),0),0) -> 全勤 | AB56: =VLOOKUP($B56,INDIRECT($D56&"!$AG$1:$AZ$66"),MATCH(AB$1,INDIRECT($D56&"!$AG$1:$AZ$1"),0),0) -> 0
A57: 55 | B57: 黄欣 | C57: 4 | D57: 仓库 | E57: 仓储部FBM | F57: 44633 | G57: =VLOOKUP($B57,INDIRECT($D57&"!$AG$1:$AY$66"),MATCH(G$1,INDIRECT($D57&"!$AG$1:$AY$1"),0),0) -> 24 | H57: =VLOOKUP($B57,INDIRECT($D57&"!$AG$1:$AY$66"),MATCH(H$1,INDIRECT($D57&"!$AG$1:$AY$1"),0),0) -> 23 | I57: =VLOOKUP($B57,INDIRECT($D57&"!$AG$1:$AY$66"),MATCH(I$1,INDIRECT($D57&"!$AG$1:$AY$1"),0),0) -> 0 | J57: =VLOOKUP($B57,INDIRECT($D57&"!$AG$1:$AY$66"),MATCH(J$1,INDIRECT($D57&"!$AG$1:$AY$1"),0),0) -> 0 | K57: =VLOOKUP($B57,INDIRECT($D57&"!$AG$1:$AY$66"),MATCH(K$1,INDIRECT($D57&"!$AG$1:$AY$1"),0),0) -> 0 | L57: =VLOOKUP($B57,INDIRECT($D57&"!$AG$1:$AY$66"),MATCH(L$1,INDIRECT($D57&"!$AG$1:$AY$1"),0),0) -> 0 | M57: =VLOOKUP($B57,INDIRECT($D57&"!$AG$1:$AY$66"),MATCH(M$1,INDIRECT($D57&"!$AG$1:$AY$1"),0),0) -> 0 | N57: =VLOOKUP($B57,INDIRECT($D57&"!$AG$1:$AY$66"),MATCH(N$1,INDIRECT($D57&"!$AG$1:$AY$1"),0),0) -> 0 | ... V57: =VLOOKUP($B57,INDIRECT($D57&"!$AG$1:$AY$66"),MATCH(V$1,INDIRECT($D57&"!$AG$1:$AY$1"),0),0) -> 0 | W57: =VLOOKUP($B57,INDIRECT($D57&"!$AG$1:$AY$66"),MATCH(W$2,INDIRECT($D57&"!$AG$1:$AY$1"),0),0) -> 200 | X57: =IFERROR(_xlfn.XLOOKUP($B57,社保汇总表!B:B,社保汇总表!G:G),0) -> 420.68 | Y57: =VLOOKUP($B57,公积金汇总表!$P:$Q,2,0) -> 118 | AA57: =VLOOKUP($B57,INDIRECT($D57&"!$AG$1:$AY$66"),MATCH(AA$1,INDIRECT($D57&"!$AG$1:$AY$1"),0),0) -> 全勤 | AB57: =VLOOKUP($B57,INDIRECT($D57&"!$AG$1:$AZ$66"),MATCH(AB$1,INDIRECT($D57&"!$AG$1:$AZ$1"),0),0) -> 0
A58: 56 | B58: 林平安 | C58: 4 | D58: 仓库 | E58: 仓储部FBM | F58: 45192 | G58: =VLOOKUP($B58,INDIRECT($D58&"!$AG$1:$AY$66"),MATCH(G$1,INDIRECT($D58&"!$AG$1:$AY$1"),0),0) -> 24 | H58: =VLOOKUP($B58,INDIRECT($D58&"!$AG$1:$AY$66"),MATCH(H$1,INDIRECT($D58&"!$AG$1:$AY$1"),0),0) -> 22 | I58: =VLOOKUP($B58,INDIRECT($D58&"!$AG$1:$AY$66"),MATCH(I$1,INDIRECT($D58&"!$AG$1:$AY$1"),0),0) -> 0 | J58: =VLOOKUP($B58,INDIRECT($D58&"!$AG$1:$AY$66"),MATCH(J$1,INDIRECT($D58&"!$AG$1:$AY$1"),0),0) -> 0 | K58: =VLOOKUP($B58,INDIRECT($D58&"!$AG$1:$AY$66"),MATCH(K$1,INDIRECT($D58&"!$AG$1:$AY$1"),0),0) -> 0 | L58: =VLOOKUP($B58,INDIRECT($D58&"!$AG$1:$AY$66"),MATCH(L$1,INDIRECT($D58&"!$AG$1:$AY$1"),0),0) -> 1 | M58: =VLOOKUP($B58,INDIRECT($D58&"!$AG$1:$AY$66"),MATCH(M$1,INDIRECT($D58&"!$AG$1:$AY$1"),0),0) -> 0 | N58: =VLOOKUP($B58,INDIRECT($D58&"!$AG$1:$AY$66"),MATCH(N$1,INDIRECT($D58&"!$AG$1:$AY$1"),0),0) -> 0 | ... V58: =VLOOKUP($B58,INDIRECT($D58&"!$AG$1:$AY$66"),MATCH(V$1,INDIRECT($D58&"!$AG$1:$AY$1"),0),0) -> 0 | W58: =VLOOKUP($B58,INDIRECT($D58&"!$AG$1:$AY$66"),MATCH(W$2,INDIRECT($D58&"!$AG$1:$AY$1"),0),0) -> 0 | X58: =IFERROR(_xlfn.XLOOKUP($B58,社保汇总表!B:B,社保汇总表!G:G),0) -> 420.68 | Y58: =VLOOKUP($B58,公积金汇总表!$P:$Q,2,0) -> 118 | AA58: =VLOOKUP($B58,INDIRECT($D58&"!$AG$1:$AY$66"),MATCH(AA$1,INDIRECT($D58&"!$AG$1:$AY$1"),0),0) -> 事假 8小时(04/04 09:00-04/04 18:30) | AB58: =VLOOKUP($B58,INDIRECT($D58&"!$AG$1:$AZ$66"),MATCH(AB$1,INDIRECT($D58&"!$AG$1:$AZ$1"),0),0) -> 0
A59: 57 | B59: 蓝凌云 | C59: 4 | D59: 仓库 | E59: 仓储部FBA | F59: 45230 | G59: =VLOOKUP($B59,INDIRECT($D59&"!$AG$1:$AY$66"),MATCH(G$1,INDIRECT($D59&"!$AG$1:$AY$1"),0),0) -> 24 | H59: =VLOOKUP($B59,INDIRECT($D59&"!$AG$1:$AY$66"),MATCH(H$1,INDIRECT($D59&"!$AG$1:$AY$1"),0),0) -> 21 | I59: =VLOOKUP($B59,INDIRECT($D59&"!$AG$1:$AY$66"),MATCH(I$1,INDIRECT($D59&"!$AG$1:$AY$1"),0),0) -> 0 | J59: =VLOOKUP($B59,INDIRECT($D59&"!$AG$1:$AY$66"),MATCH(J$1,INDIRECT($D59&"!$AG$1:$AY$1"),0),0) -> 0 | K59: =VLOOKUP($B59,INDIRECT($D59&"!$AG$1:$AY$66"),MATCH(K$1,INDIRECT($D59&"!$AG$1:$AY$1"),0),0) -> 0 | L59: =VLOOKUP($B59,INDIRECT($D59&"!$AG$1:$AY$66"),MATCH(L$1,INDIRECT($D59&"!$AG$1:$AY$1"),0),0) -> 0 | M59: =VLOOKUP($B59,INDIRECT($D59&"!$AG$1:$AY$66"),MATCH(M$1,INDIRECT($D59&"!$AG$1:$AY$1"),0),0) -> 2 | N59: =VLOOKUP($B59,INDIRECT($D59&"!$AG$1:$AY$66"),MATCH(N$1,INDIRECT($D59&"!$AG$1:$AY$1"),0),0) -> 0 | ... V59: =VLOOKUP($B59,INDIRECT($D59&"!$AG$1:$AY$66"),MATCH(V$1,INDIRECT($D59&"!$AG$1:$AY$1"),0),0) -> 0 | W59: =VLOOKUP($B59,INDIRECT($D59&"!$AG$1:$AY$66"),MATCH(W$2,INDIRECT($D59&"!$AG$1:$AY$1"),0),0) -> 200 | X59: =IFERROR(_xlfn.XLOOKUP($B59,社保汇总表!B:B,社保汇总表!G:G),0) -> 420.68 | Y59: =VLOOKUP($B59,公积金汇总表!$P:$Q,2,0) -> 118 | AA59: =VLOOKUP($B59,INDIRECT($D59&"!$AG$1:$AY$66"),MATCH(AA$1,INDIRECT($D59&"!$AG$1:$AY$1"),0),0) -> 全勤，年假 16小时(04/13 09:00-04/14 18:30) | AB59: =VLOOKUP($B59,INDIRECT($D59&"!$AG$1:$AZ$66"),MATCH(AB$1,INDIRECT($D59&"!$AG$1:$AZ$1"),0),0) -> 0
A60: 58 | B60: 詹楚鑫 | C60: 4 | D60: 仓库 | E60: 仓储部FBM | F60: 44378 | G60: =VLOOKUP($B60,INDIRECT($D60&"!$AG$1:$AY$66"),MATCH(G$1,INDIRECT($D60&"!$AG$1:$AY$1"),0),0) -> 24 | H60: =VLOOKUP($B60,INDIRECT($D60&"!$AG$1:$AY$66"),MATCH(H$1,INDIRECT($D60&"!$AG$1:$AY$1"),0),0) -> 23 | I60: =VLOOKUP($B60,INDIRECT($D60&"!$AG$1:$AY$66"),MATCH(I$1,INDIRECT($D60&"!$AG$1:$AY$1"),0),0) -> 0 | J60: =VLOOKUP($B60,INDIRECT($D60&"!$AG$1:$AY$66"),MATCH(J$1,INDIRECT($D60&"!$AG$1:$AY$1"),0),0) -> 0 | K60: =VLOOKUP($B60,INDIRECT($D60&"!$AG$1:$AY$66"),MATCH(K$1,INDIRECT($D60&"!$AG$1:$AY$1"),0),0) -> 0 | L60: =VLOOKUP($B60,INDIRECT($D60&"!$AG$1:$AY$66"),MATCH(L$1,INDIRECT($D60&"!$AG$1:$AY$1"),0),0) -> 0 | M60: =VLOOKUP($B60,INDIRECT($D60&"!$AG$1:$AY$66"),MATCH(M$1,INDIRECT($D60&"!$AG$1:$AY$1"),0),0) -> 0 | N60: =VLOOKUP($B60,INDIRECT($D60&"!$AG$1:$AY$66"),MATCH(N$1,INDIRECT($D60&"!$AG$1:$AY$1"),0),0) -> 0 | ... V60: =VLOOKUP($B60,INDIRECT($D60&"!$AG$1:$AY$66"),MATCH(V$1,INDIRECT($D60&"!$AG$1:$AY$1"),0),0) -> 0 | W60: =VLOOKUP($B60,INDIRECT($D60&"!$AG$1:$AY$66"),MATCH(W$2,INDIRECT($D60&"!$AG$1:$AY$1"),0),0) -> 200 | X60: =IFERROR(_xlfn.XLOOKUP($B60,社保汇总表!B:B,社保汇总表!G:G),0) -> 420.68 | Y60: =VLOOKUP($B60,公积金汇总表!$P:$Q,2,0) -> 118 | AA60: =VLOOKUP($B60,INDIRECT($D60&"!$AG$1:$AY$66"),MATCH(AA$1,INDIRECT($D60&"!$AG$1:$AY$1"),0),0) -> 全勤 | AB60: =VLOOKUP($B60,INDIRECT($D60&"!$AG$1:$AZ$66"),MATCH(AB$1,INDIRECT($D60&"!$AG$1:$AZ$1"),0),0) -> 0
A61: 59 | B61: 黄征程 | C61: 4 | D61: 仓库 | E61: 物流部 | F61: 45836 | G61: =VLOOKUP($B61,INDIRECT($D61&"!$AG$1:$AY$66"),MATCH(G$1,INDIRECT($D61&"!$AG$1:$AY$1"),0),0) -> 24 | H61: =VLOOKUP($B61,INDIRECT($D61&"!$AG$1:$AY$66"),MATCH(H$1,INDIRECT($D61&"!$AG$1:$AY$1"),0),0) -> 23 | I61: =VLOOKUP($B61,INDIRECT($D61&"!$AG$1:$AY$66"),MATCH(I$1,INDIRECT($D61&"!$AG$1:$AY$1"),0),0) -> 0 | J61: =VLOOKUP($B61,INDIRECT($D61&"!$AG$1:$AY$66"),MATCH(J$1,INDIRECT($D61&"!$AG$1:$AY$1"),0),0) -> 0 | K61: =VLOOKUP($B61,INDIRECT($D61&"!$AG$1:$AY$66"),MATCH(K$1,INDIRECT($D61&"!$AG$1:$AY$1"),0),0) -> 0 | L61: =VLOOKUP($B61,INDIRECT($D61&"!$AG$1:$AY$66"),MATCH(L$1,INDIRECT($D61&"!$AG$1:$AY$1"),0),0) -> 0 | M61: =VLOOKUP($B61,INDIRECT($D61&"!$AG$1:$AY$66"),MATCH(M$1,INDIRECT($D61&"!$AG$1:$AY$1"),0),0) -> 0 | N61: =VLOOKUP($B61,INDIRECT($D61&"!$AG$1:$AY$66"),MATCH(N$1,INDIRECT($D61&"!$AG$1:$AY$1"),0),0) -> 0 | ... V61: =VLOOKUP($B61,INDIRECT($D61&"!$AG$1:$AY$66"),MATCH(V$1,INDIRECT($D61&"!$AG$1:$AY$1"),0),0) -> 0 | W61: =VLOOKUP($B61,INDIRECT($D61&"!$AG$1:$AY$66"),MATCH(W$2,INDIRECT($D61&"!$AG$1:$AY$1"),0),0) -> 200 | X61: =IFERROR(_xlfn.XLOOKUP($B61,社保汇总表!B:B,社保汇总表!W:W),0) -> 415.43 | Y61: =VLOOKUP($B61,公积金汇总表!$P:$Q,2,0) -> 104 | AA61: =VLOOKUP($B61,INDIRECT($D61&"!$AG$1:$AY$66"),MATCH(AA$1,INDIRECT($D61&"!$AG$1:$AY$1"),0),0) -> 全勤 | AB61: =VLOOKUP($B61,INDIRECT($D61&"!$AG$1:$AZ$66"),MATCH(AB$1,INDIRECT($D61&"!$AG$1:$AZ$1"),0),0) -> 0
A62: 60 | B62: 吴林 | C62: 4 | D62: 仓库 | E62: 物流部 | F62: 46065 | G62: =VLOOKUP($B62,INDIRECT($D62&"!$AG$1:$AY$66"),MATCH(G$1,INDIRECT($D62&"!$AG$1:$AY$1"),0),0) -> 24 | H62: =VLOOKUP($B62,INDIRECT($D62&"!$AG$1:$AY$66"),MATCH(H$1,INDIRECT($D62&"!$AG$1:$AY$1"),0),0) -> 22.63 | I62: =VLOOKUP($B62,INDIRECT($D62&"!$AG$1:$AY$66"),MATCH(I$1,INDIRECT($D62&"!$AG$1:$AY$1"),0),0) -> 33 | J62: =VLOOKUP($B62,INDIRECT($D62&"!$AG$1:$AY$66"),MATCH(J$1,INDIRECT($D62&"!$AG$1:$AY$1"),0),0) -> 0 | K62: =VLOOKUP($B62,INDIRECT($D62&"!$AG$1:$AY$66"),MATCH(K$1,INDIRECT($D62&"!$AG$1:$AY$1"),0),0) -> 0 | L62: =VLOOKUP($B62,INDIRECT($D62&"!$AG$1:$AY$66"),MATCH(L$1,INDIRECT($D62&"!$AG$1:$AY$1"),0),0) -> 0.37 | M62: =VLOOKUP($B62,INDIRECT($D62&"!$AG$1:$AY$66"),MATCH(M$1,INDIRECT($D62&"!$AG$1:$AY$1"),0),0) -> 0 | N62: =VLOOKUP($B62,INDIRECT($D62&"!$AG$1:$AY$66"),MATCH(N$1,INDIRECT($D62&"!$AG$1:$AY$1"),0),0) -> 0 | ... V62: =VLOOKUP($B62,INDIRECT($D62&"!$AG$1:$AY$66"),MATCH(V$1,INDIRECT($D62&"!$AG$1:$AY$1"),0),0) -> 50 | W62: =VLOOKUP($B62,INDIRECT($D62&"!$AG$1:$AY$66"),MATCH(W$2,INDIRECT($D62&"!$AG$1:$AY$1"),0),0) -> 0 | X62: =IFERROR(_xlfn.XLOOKUP($B62,社保汇总表!B:B,社保汇总表!W:W),0) -> 415.43 | Y62: =VLOOKUP($B62,公积金汇总表!$P:$Q,2,0) -> 104 | AA62: =VLOOKUP($B62,INDIRECT($D62&"!$AG$1:$AY$66"),MATCH(AA$1,INDIRECT($D62&"!$AG$1:$AY$1"),0),0) -> 事假 3小时(04/17 09:00-04/17 12:00)，迟到6次共33分钟，按人力行政制度一个月内迟到累计30-60分钟（包含60），乐捐50元。 | AB62: =VLOOKUP($B62,INDIRECT($D62&"!$AG$1:$AZ$66"),MATCH(AB$1,INDIRECT($D62&"!$AG$1:$AZ$1"),0),0) -> 0.5
A63: 61 | B63: 吴剑飞 | C63: 4 | D63: 梅州 | E63: 事业三部/项目八部 | F63: 43983 | G63: =VLOOKUP($B63,INDIRECT($D63&"!$AG$1:$AY$66"),MATCH(G$1,INDIRECT($D63&"!$AG$1:$AY$1"),0),0) -> 24 | H63: =VLOOKUP($B63,INDIRECT($D63&"!$AG$1:$AY$66"),MATCH(H$1,INDIRECT($D63&"!$AG$1:$AY$1"),0),0) -> 23 | I63: =VLOOKUP($B63,INDIRECT($D63&"!$AG$1:$AY$66"),MATCH(I$1,INDIRECT($D63&"!$AG$1:$AY$1"),0),0) -> 0 | J63: =VLOOKUP($B63,INDIRECT($D63&"!$AG$1:$AY$66"),MATCH(J$1,INDIRECT($D63&"!$AG$1:$AY$1"),0),0) -> 0 | K63: =VLOOKUP($B63,INDIRECT($D63&"!$AG$1:$AY$66"),MATCH(K$1,INDIRECT($D63&"!$AG$1:$AY$1"),0),0) -> 0 | L63: =VLOOKUP($B63,INDIRECT($D63&"!$AG$1:$AY$66"),MATCH(L$1,INDIRECT($D63&"!$AG$1:$AY$1"),0),0) -> 0 | M63: =VLOOKUP($B63,INDIRECT($D63&"!$AG$1:$AY$66"),MATCH(M$1,INDIRECT($D63&"!$AG$1:$AY$1"),0),0) -> 0 | N63: =VLOOKUP($B63,INDIRECT($D63&"!$AG$1:$AY$66"),MATCH(N$1,INDIRECT($D63&"!$AG$1:$AY$1"),0),0) -> 0 | ... V63: =VLOOKUP($B63,INDIRECT($D63&"!$AG$1:$AY$66"),MATCH(V$1,INDIRECT($D63&"!$AG$1:$AY$1"),0),0) -> 0 | W63: =VLOOKUP($B63,INDIRECT($D63&"!$AG$1:$AY$66"),MATCH(W$2,INDIRECT($D63&"!$AG$1:$AY$1"),0),0) -> 200 | X63: =IFERROR(_xlfn.XLOOKUP($B63,社保汇总表!C:C,社保汇总表!F:F),0) -> 458.72 | Y63: =VLOOKUP($B63,公积金汇总表!$P:$Q,2,0) -> 105 | AA63: =VLOOKUP($B63,INDIRECT($D63&"!$AG$1:$AY$66"),MATCH(AA$1,INDIRECT($D63&"!$AG$1:$AY$1"),0),0) -> 全勤 | AB63: =VLOOKUP($B63,INDIRECT($D63&"!$AG$1:$AZ$66"),MATCH(AB$1,INDIRECT($D63&"!$AG$1:$AZ$1"),0),0) -> 0
A64: 62 | B64: 易良红 | C64: 4 | D64: 梅州 | E64: 事业三部/项目八部 | F64: 44991 | G64: =VLOOKUP($B64,INDIRECT($D64&"!$AG$1:$AY$66"),MATCH(G$1,INDIRECT($D64&"!$AG$1:$AY$1"),0),0) -> 24 | H64: =VLOOKUP($B64,INDIRECT($D64&"!$AG$1:$AY$66"),MATCH(H$1,INDIRECT($D64&"!$AG$1:$AY$1"),0),0) -> 23 | I64: =VLOOKUP($B64,INDIRECT($D64&"!$AG$1:$AY$66"),MATCH(I$1,INDIRECT($D64&"!$AG$1:$AY$1"),0),0) -> 0 | J64: =VLOOKUP($B64,INDIRECT($D64&"!$AG$1:$AY$66"),MATCH(J$1,INDIRECT($D64&"!$AG$1:$AY$1"),0),0) -> 0 | K64: =VLOOKUP($B64,INDIRECT($D64&"!$AG$1:$AY$66"),MATCH(K$1,INDIRECT($D64&"!$AG$1:$AY$1"),0),0) -> 0 | L64: =VLOOKUP($B64,INDIRECT($D64&"!$AG$1:$AY$66"),MATCH(L$1,INDIRECT($D64&"!$AG$1:$AY$1"),0),0) -> 0 | M64: =VLOOKUP($B64,INDIRECT($D64&"!$AG$1:$AY$66"),MATCH(M$1,INDIRECT($D64&"!$AG$1:$AY$1"),0),0) -> 0 | N64: =VLOOKUP($B64,INDIRECT($D64&"!$AG$1:$AY$66"),MATCH(N$1,INDIRECT($D64&"!$AG$1:$AY$1"),0),0) -> 0 | ... V64: =VLOOKUP($B64,INDIRECT($D64&"!$AG$1:$AY$66"),MATCH(V$1,INDIRECT($D64&"!$AG$1:$AY$1"),0),0) -> 0 | W64: =VLOOKUP($B64,INDIRECT($D64&"!$AG$1:$AY$66"),MATCH(W$2,INDIRECT($D64&"!$AG$1:$AY$1"),0),0) -> 200 | X64: =IFERROR(_xlfn.XLOOKUP($B64,社保汇总表!B:B,社保汇总表!G:G),0) -> 420.68 | Y64: =VLOOKUP($B64,公积金汇总表!$P:$Q,2,0) -> 126 | AA64: =VLOOKUP($B64,INDIRECT($D64&"!$AG$1:$AY$66"),MATCH(AA$1,INDIRECT($D64&"!$AG$1:$AY$1"),0),0) -> 全勤 | AB64: =VLOOKUP($B64,INDIRECT($D64&"!$AG$1:$AZ$66"),MATCH(AB$1,INDIRECT($D64&"!$AG$1:$AZ$1"),0),0) -> 0
A65: 63 | B65: 李权 | C65: 4 | D65: 梅州 | E65: 事业三部/项目八部 | F65: 45429 | G65: =VLOOKUP($B65,INDIRECT($D65&"!$AG$1:$AY$66"),MATCH(G$1,INDIRECT($D65&"!$AG$1:$AY$1"),0),0) -> 26 | H65: =VLOOKUP($B65,INDIRECT($D65&"!$AG$1:$AY$66"),MATCH(H$1,INDIRECT($D65&"!$AG$1:$AY$1"),0),0) -> 25 | I65: =VLOOKUP($B65,INDIRECT($D65&"!$AG$1:$AY$66"),MATCH(I$1,INDIRECT($D65&"!$AG$1:$AY$1"),0),0) -> 0 | J65: =VLOOKUP($B65,INDIRECT($D65&"!$AG$1:$AY$66"),MATCH(J$1,INDIRECT($D65&"!$AG$1:$AY$1"),0),0) -> 0 | K65: =VLOOKUP($B65,INDIRECT($D65&"!$AG$1:$AY$66"),MATCH(K$1,INDIRECT($D65&"!$AG$1:$AY$1"),0),0) -> 0 | L65: =VLOOKUP($B65,INDIRECT($D65&"!$AG$1:$AY$66"),MATCH(L$1,INDIRECT($D65&"!$AG$1:$AY$1"),0),0) -> 0 | M65: =VLOOKUP($B65,INDIRECT($D65&"!$AG$1:$AY$66"),MATCH(M$1,INDIRECT($D65&"!$AG$1:$AY$1"),0),0) -> 0 | N65: =VLOOKUP($B65,INDIRECT($D65&"!$AG$1:$AY$66"),MATCH(N$1,INDIRECT($D65&"!$AG$1:$AY$1"),0),0) -> 0 | ... V65: =VLOOKUP($B65,INDIRECT($D65&"!$AG$1:$AY$66"),MATCH(V$1,INDIRECT($D65&"!$AG$1:$AY$1"),0),0) -> 0 | W65: =VLOOKUP($B65,INDIRECT($D65&"!$AG$1:$AY$66"),MATCH(W$2,INDIRECT($D65&"!$AG$1:$AY$1"),0),0) -> 200 | AA65: =VLOOKUP($B65,INDIRECT($D65&"!$AG$1:$AY$66"),MATCH(AA$1,INDIRECT($D65&"!$AG$1:$AY$1"),0),0) -> 全勤 | AB65: =VLOOKUP($B65,INDIRECT($D65&"!$AG$1:$AZ$66"),MATCH(AB$1,INDIRECT($D65&"!$AG$1:$AZ$1"),0),0) -> 0
A66: 64 | B66: 罗漫如 | C66: 4 | D66: 梅州 | E66: 事业三部/项目八部 | F66: 45444 | G66: =VLOOKUP($B66,INDIRECT($D66&"!$AG$1:$AY$66"),MATCH(G$1,INDIRECT($D66&"!$AG$1:$AY$1"),0),0) -> 26 | H66: =VLOOKUP($B66,INDIRECT($D66&"!$AG$1:$AY$66"),MATCH(H$1,INDIRECT($D66&"!$AG$1:$AY$1"),0),0) -> 24 | I66: =VLOOKUP($B66,INDIRECT($D66&"!$AG$1:$AY$66"),MATCH(I$1,INDIRECT($D66&"!$AG$1:$AY$1"),0),0) -> 0 | J66: =VLOOKUP($B66,INDIRECT($D66&"!$AG$1:$AY$66"),MATCH(J$1,INDIRECT($D66&"!$AG$1:$AY$1"),0),0) -> 0 | K66: =VLOOKUP($B66,INDIRECT($D66&"!$AG$1:$AY$66"),MATCH(K$1,INDIRECT($D66&"!$AG$1:$AY$1"),0),0) -> 0 | L66: =VLOOKUP($B66,INDIRECT($D66&"!$AG$1:$AY$66"),MATCH(L$1,INDIRECT($D66&"!$AG$1:$AY$1"),0),0) -> 0 | M66: =VLOOKUP($B66,INDIRECT($D66&"!$AG$1:$AY$66"),MATCH(M$1,INDIRECT($D66&"!$AG$1:$AY$1"),0),0) -> 1 | N66: =VLOOKUP($B66,INDIRECT($D66&"!$AG$1:$AY$66"),MATCH(N$1,INDIRECT($D66&"!$AG$1:$AY$1"),0),0) -> 0 | ... V66: =VLOOKUP($B66,INDIRECT($D66&"!$AG$1:$AY$66"),MATCH(V$1,INDIRECT($D66&"!$AG$1:$AY$1"),0),0) -> 0 | W66: =VLOOKUP($B66,INDIRECT($D66&"!$AG$1:$AY$66"),MATCH(W$2,INDIRECT($D66&"!$AG$1:$AY$1"),0),0) -> 200 | AA66: =VLOOKUP($B66,INDIRECT($D66&"!$AG$1:$AY$66"),MATCH(AA$1,INDIRECT($D66&"!$AG$1:$AY$1"),0),0) -> 全勤，年假 7小时(04/13 09:00-04/13 18:00) | AB66: =VLOOKUP($B66,INDIRECT($D66&"!$AG$1:$AZ$66"),MATCH(AB$1,INDIRECT($D66&"!$AG$1:$AZ$1"),0),0) -> 0
A67: 65 | B67: 曾雨君 | C67: 4 | D67: 梅州 | E67: 事业三部/项目八部 | F67: 45423 | G67: =VLOOKUP($B67,INDIRECT($D67&"!$AG$1:$AY$66"),MATCH(G$1,INDIRECT($D67&"!$AG$1:$AY$1"),0),0) -> 26 | H67: =VLOOKUP($B67,INDIRECT($D67&"!$AG$1:$AY$66"),MATCH(H$1,INDIRECT($D67&"!$AG$1:$AY$1"),0),0) -> 23.57 | I67: =VLOOKUP($B67,INDIRECT($D67&"!$AG$1:$AY$66"),MATCH(I$1,INDIRECT($D67&"!$AG$1:$AY$1"),0),0) -> 0 | J67: =VLOOKUP($B67,INDIRECT($D67&"!$AG$1:$AY$66"),MATCH(J$1,INDIRECT($D67&"!$AG$1:$AY$1"),0),0) -> 0 | K67: =VLOOKUP($B67,INDIRECT($D67&"!$AG$1:$AY$66"),MATCH(K$1,INDIRECT($D67&"!$AG$1:$AY$1"),0),0) -> 0 | L67: =VLOOKUP($B67,INDIRECT($D67&"!$AG$1:$AY$66"),MATCH(L$1,INDIRECT($D67&"!$AG$1:$AY$1"),0),0) -> 0 | M67: =VLOOKUP($B67,INDIRECT($D67&"!$AG$1:$AY$66"),MATCH(M$1,INDIRECT($D67&"!$AG$1:$AY$1"),0),0) -> 1.43 | N67: =VLOOKUP($B67,INDIRECT($D67&"!$AG$1:$AY$66"),MATCH(N$1,INDIRECT($D67&"!$AG$1:$AY$1"),0),0) -> 0 | ... V67: =VLOOKUP($B67,INDIRECT($D67&"!$AG$1:$AY$66"),MATCH(V$1,INDIRECT($D67&"!$AG$1:$AY$1"),0),0) -> 0 | W67: =VLOOKUP($B67,INDIRECT($D67&"!$AG$1:$AY$66"),MATCH(W$2,INDIRECT($D67&"!$AG$1:$AY$1"),0),0) -> 200 | AA67: =VLOOKUP($B67,INDIRECT($D67&"!$AG$1:$AY$66"),MATCH(AA$1,INDIRECT($D67&"!$AG$1:$AY$1"),0),0) -> 全勤，年假 7小时(04/13 09:00-04/13 18:00);年假 3小时(04/22 09:00-04/22 12:00) | AB67: =VLOOKUP($B67,INDIRECT($D67&"!$AG$1:$AZ$66"),MATCH(AB$1,INDIRECT($D67&"!$AG$1:$AZ$1"),0),0) -> 0
A68: 66 | B68: 王玥 | C68: 4 | D68: 梅州 | E68: 事业三部/项目八部 | F68: 45999 | G68: =VLOOKUP($B68,INDIRECT($D68&"!$AG$1:$AY$66"),MATCH(G$1,INDIRECT($D68&"!$AG$1:$AY$1"),0),0) -> 26 | H68: =VLOOKUP($B68,INDIRECT($D68&"!$AG$1:$AY$66"),MATCH(H$1,INDIRECT($D68&"!$AG$1:$AY$1"),0),0) -> 24 | I68: =VLOOKUP($B68,INDIRECT($D68&"!$AG$1:$AY$66"),MATCH(I$1,INDIRECT($D68&"!$AG$1:$AY$1"),0),0) -> 0 | J68: =VLOOKUP($B68,INDIRECT($D68&"!$AG$1:$AY$66"),MATCH(J$1,INDIRECT($D68&"!$AG$1:$AY$1"),0),0) -> 0 | K68: =VLOOKUP($B68,INDIRECT($D68&"!$AG$1:$AY$66"),MATCH(K$1,INDIRECT($D68&"!$AG$1:$AY$1"),0),0) -> 0 | L68: =VLOOKUP($B68,INDIRECT($D68&"!$AG$1:$AY$66"),MATCH(L$1,INDIRECT($D68&"!$AG$1:$AY$1"),0),0) -> 1 | M68: =VLOOKUP($B68,INDIRECT($D68&"!$AG$1:$AY$66"),MATCH(M$1,INDIRECT($D68&"!$AG$1:$AY$1"),0),0) -> 0 | N68: =VLOOKUP($B68,INDIRECT($D68&"!$AG$1:$AY$66"),MATCH(N$1,INDIRECT($D68&"!$AG$1:$AY$1"),0),0) -> 0 | ... V68: =VLOOKUP($B68,INDIRECT($D68&"!$AG$1:$AY$66"),MATCH(V$1,INDIRECT($D68&"!$AG$1:$AY$1"),0),0) -> 0 | W68: =VLOOKUP($B68,INDIRECT($D68&"!$AG$1:$AY$66"),MATCH(W$2,INDIRECT($D68&"!$AG$1:$AY$1"),0),0) -> 0 | AA68: =VLOOKUP($B68,INDIRECT($D68&"!$AG$1:$AY$66"),MATCH(AA$1,INDIRECT($D68&"!$AG$1:$AY$1"),0),0) -> 事假 7小时(04/20 09:00-04/20 18:00) | AB68: =VLOOKUP($B68,INDIRECT($D68&"!$AG$1:$AZ$66"),MATCH(AB$1,INDIRECT($D68&"!$AG$1:$AZ$1"),0),0) -> 0
A69: 67 | B69: 程雪莹 | C69: 4 | D69: 深圳 | E69: 事业三部/项目八部 | G69: =VLOOKUP($B69,INDIRECT($D69&"!$AG$1:$AY$66"),MATCH(G$1,INDIRECT($D69&"!$AG$1:$AY$1"),0),0) -> 24 | H69: =VLOOKUP($B69,INDIRECT($D69&"!$AG$1:$AY$66"),MATCH(H$1,INDIRECT($D69&"!$AG$1:$AY$1"),0),0) -> 23 | I69: =VLOOKUP($B69,INDIRECT($D69&"!$AG$1:$AY$66"),MATCH(I$1,INDIRECT($D69&"!$AG$1:$AY$1"),0),0) -> 0 | J69: =VLOOKUP($B69,INDIRECT($D69&"!$AG$1:$AY$66"),MATCH(J$1,INDIRECT($D69&"!$AG$1:$AY$1"),0),0) -> 0 | K69: =VLOOKUP($B69,INDIRECT($D69&"!$AG$1:$AY$66"),MATCH(K$1,INDIRECT($D69&"!$AG$1:$AY$1"),0),0) -> 0 | L69: =VLOOKUP($B69,INDIRECT($D69&"!$AG$1:$AY$66"),MATCH(L$1,INDIRECT($D69&"!$AG$1:$AY$1"),0),0) -> 0 | M69: =VLOOKUP($B69,INDIRECT($D69&"!$AG$1:$AY$66"),MATCH(M$1,INDIRECT($D69&"!$AG$1:$AY$1"),0),0) -> 0 | N69: =VLOOKUP($B69,INDIRECT($D69&"!$AG$1:$AY$66"),MATCH(N$1,INDIRECT($D69&"!$AG$1:$AY$1"),0),0) -> 0 | ... V69: =VLOOKUP($B69,INDIRECT($D69&"!$AG$1:$AY$66"),MATCH(V$1,INDIRECT($D69&"!$AG$1:$AY$1"),0),0) -> 0 | W69: =VLOOKUP($B69,INDIRECT($D69&"!$AG$1:$AY$66"),MATCH(W$2,INDIRECT($D69&"!$AG$1:$AY$1"),0),0) -> 200 | X69: =IFERROR(_xlfn.XLOOKUP($B69,社保汇总表!B:B,社保汇总表!G:G),0) -> 420.68 | Y69: =VLOOKUP($B69,公积金汇总表!$P:$Q,2,0) -> 126 | AA69: =VLOOKUP($B69,INDIRECT($D69&"!$AG$1:$AY$66"),MATCH(AA$1,INDIRECT($D69&"!$AG$1:$AY$1"),0),0) -> 全勤 | AB69: =VLOOKUP($B69,INDIRECT($D69&"!$AG$1:$AZ$66"),MATCH(AB$1,INDIRECT($D69&"!$AG$1:$AZ$1"),0),0) -> 0
A70: 68 | B70: 伍宇晴 | C70: 4 | D70: 深圳 | E70: 事业三部/项目八部 | G70: =VLOOKUP($B70,INDIRECT($D70&"!$AG$1:$AY$66"),MATCH(G$1,INDIRECT($D70&"!$AG$1:$AY$1"),0),0) -> 24 | H70: =VLOOKUP($B70,INDIRECT($D70&"!$AG$1:$AY$66"),MATCH(H$1,INDIRECT($D70&"!$AG$1:$AY$1"),0),0) -> 23 | I70: =VLOOKUP($B70,INDIRECT($D70&"!$AG$1:$AY$66"),MATCH(I$1,INDIRECT($D70&"!$AG$1:$AY$1"),0),0) -> 0 | J70: =VLOOKUP($B70,INDIRECT($D70&"!$AG$1:$AY$66"),MATCH(J$1,INDIRECT($D70&"!$AG$1:$AY$1"),0),0) -> 0 | K70: =VLOOKUP($B70,INDIRECT($D70&"!$AG$1:$AY$66"),MATCH(K$1,INDIRECT($D70&"!$AG$1:$AY$1"),0),0) -> 0 | L70: =VLOOKUP($B70,INDIRECT($D70&"!$AG$1:$AY$66"),MATCH(L$1,INDIRECT($D70&"!$AG$1:$AY$1"),0),0) -> 0 | M70: =VLOOKUP($B70,INDIRECT($D70&"!$AG$1:$AY$66"),MATCH(M$1,INDIRECT($D70&"!$AG$1:$AY$1"),0),0) -> 0 | N70: =VLOOKUP($B70,INDIRECT($D70&"!$AG$1:$AY$66"),MATCH(N$1,INDIRECT($D70&"!$AG$1:$AY$1"),0),0) -> 0 | ... V70: =VLOOKUP($B70,INDIRECT($D70&"!$AG$1:$AY$66"),MATCH(V$1,INDIRECT($D70&"!$AG$1:$AY$1"),0),0) -> 0 | W70: =VLOOKUP($B70,INDIRECT($D70&"!$AG$1:$AY$66"),MATCH(W$2,INDIRECT($D70&"!$AG$1:$AY$1"),0),0) -> 200 | X70: =IFERROR(_xlfn.XLOOKUP($B70,社保汇总表!B:B,社保汇总表!G:G),0) -> 420.68 | Y70: =VLOOKUP($B70,公积金汇总表!$P:$Q,2,0) -> 126 | AA70: =VLOOKUP($B70,INDIRECT($D70&"!$AG$1:$AY$66"),MATCH(AA$1,INDIRECT($D70&"!$AG$1:$AY$1"),0),0) -> 全勤 | AB70: =VLOOKUP($B70,INDIRECT($D70&"!$AG$1:$AZ$66"),MATCH(AB$1,INDIRECT($D70&"!$AG$1:$AZ$1"),0),0) -> 0
A71: 69 | B71: 邱佳滢 | C71: 4 | D71: 梅州 | E71: 事业四部/项目七部 | F71: 45536 | G71: =VLOOKUP($B71,INDIRECT($D71&"!$AG$1:$AY$66"),MATCH(G$1,INDIRECT($D71&"!$AG$1:$AY$1"),0),0) -> 26 | H71: =VLOOKUP($B71,INDIRECT($D71&"!$AG$1:$AY$66"),MATCH(H$1,INDIRECT($D71&"!$AG$1:$AY$1"),0),0) -> 19 | I71: =VLOOKUP($B71,INDIRECT($D71&"!$AG$1:$AY$66"),MATCH(I$1,INDIRECT($D71&"!$AG$1:$AY$1"),0),0) -> 0 | J71: =VLOOKUP($B71,INDIRECT($D71&"!$AG$1:$AY$66"),MATCH(J$1,INDIRECT($D71&"!$AG$1:$AY$1"),0),0) -> 0 | K71: =VLOOKUP($B71,INDIRECT($D71&"!$AG$1:$AY$66"),MATCH(K$1,INDIRECT($D71&"!$AG$1:$AY$1"),0),0) -> 0 | L71: =VLOOKUP($B71,INDIRECT($D71&"!$AG$1:$AY$66"),MATCH(L$1,INDIRECT($D71&"!$AG$1:$AY$1"),0),0) -> 6 | M71: =VLOOKUP($B71,INDIRECT($D71&"!$AG$1:$AY$66"),MATCH(M$1,INDIRECT($D71&"!$AG$1:$AY$1"),0),0) -> 0 | N71: =VLOOKUP($B71,INDIRECT($D71&"!$AG$1:$AY$66"),MATCH(N$1,INDIRECT($D71&"!$AG$1:$AY$1"),0),0) -> 0 | ... V71: =VLOOKUP($B71,INDIRECT($D71&"!$AG$1:$AY$66"),MATCH(V$1,INDIRECT($D71&"!$AG$1:$AY$1"),0),0) -> 0 | W71: =VLOOKUP($B71,INDIRECT($D71&"!$AG$1:$AY$66"),MATCH(W$2,INDIRECT($D71&"!$AG$1:$AY$1"),0),0) -> 0 | AA71: =VLOOKUP($B71,INDIRECT($D71&"!$AG$1:$AY$66"),MATCH(AA$1,INDIRECT($D71&"!$AG$1:$AY$1"),0),0) -> 事假 14小时(04/11 09:00-04/13 18:00);事假 28小时(04/14 09:00-04/17 18:00) | AB71: =VLOOKUP($B71,INDIRECT($D71&"!$AG$1:$AZ$66"),MATCH(AB$1,INDIRECT($D71&"!$AG$1:$AZ$1"),0),0) -> 0
A72: 70 | B72: 陈曦 | C72: 4 | D72: 梅州 | E72: 事业四部/项目七部 | F72: 45595 | G72: =VLOOKUP($B72,INDIRECT($D72&"!$AG$1:$AY$66"),MATCH(G$1,INDIRECT($D72&"!$AG$1:$AY$1"),0),0) -> 26 | H72: =VLOOKUP($B72,INDIRECT($D72&"!$AG$1:$AY$66"),MATCH(H$1,INDIRECT($D72&"!$AG$1:$AY$1"),0),0) -> 25 | I72: =VLOOKUP($B72,INDIRECT($D72&"!$AG$1:$AY$66"),MATCH(I$1,INDIRECT($D72&"!$AG$1:$AY$1"),0),0) -> 0 | J72: =VLOOKUP($B72,INDIRECT($D72&"!$AG$1:$AY$66"),MATCH(J$1,INDIRECT($D72&"!$AG$1:$AY$1"),0),0) -> 0 | K72: =VLOOKUP($B72,INDIRECT($D72&"!$AG$1:$AY$66"),MATCH(K$1,INDIRECT($D72&"!$AG$1:$AY$1"),0),0) -> 0 | L72: =VLOOKUP($B72,INDIRECT($D72&"!$AG$1:$AY$66"),MATCH(L$1,INDIRECT($D72&"!$AG$1:$AY$1"),0),0) -> 0 | M72: =VLOOKUP($B72,INDIRECT($D72&"!$AG$1:$AY$66"),MATCH(M$1,INDIRECT($D72&"!$AG$1:$AY$1"),0),0) -> 0 | N72: =VLOOKUP($B72,INDIRECT($D72&"!$AG$1:$AY$66"),MATCH(N$1,INDIRECT($D72&"!$AG$1:$AY$1"),0),0) -> 0 | ... V72: =VLOOKUP($B72,INDIRECT($D72&"!$AG$1:$AY$66"),MATCH(V$1,INDIRECT($D72&"!$AG$1:$AY$1"),0),0) -> 0 | W72: =VLOOKUP($B72,INDIRECT($D72&"!$AG$1:$AY$66"),MATCH(W$2,INDIRECT($D72&"!$AG$1:$AY$1"),0),0) -> 200 | AA72: =VLOOKUP($B72,INDIRECT($D72&"!$AG$1:$AY$66"),MATCH(AA$1,INDIRECT($D72&"!$AG$1:$AY$1"),0),0) -> 全勤 | AB72: =VLOOKUP($B72,INDIRECT($D72&"!$AG$1:$AZ$66"),MATCH(AB$1,INDIRECT($D72&"!$AG$1:$AZ$1"),0),0) -> 0
A73: 71 | B73: 罗丽萍 | C73: 4 | D73: 梅州 | E73: 事业四部/项目七部 | G73: =VLOOKUP($B73,INDIRECT($D73&"!$AG$1:$AY$66"),MATCH(G$1,INDIRECT($D73&"!$AG$1:$AY$1"),0),0) -> 26 | H73: =VLOOKUP($B73,INDIRECT($D73&"!$AG$1:$AY$66"),MATCH(H$1,INDIRECT($D73&"!$AG$1:$AY$1"),0),0) -> 25 | I73: =VLOOKUP($B73,INDIRECT($D73&"!$AG$1:$AY$66"),MATCH(I$1,INDIRECT($D73&"!$AG$1:$AY$1"),0),0) -> 0 | J73: =VLOOKUP($B73,INDIRECT($D73&"!$AG$1:$AY$66"),MATCH(J$1,INDIRECT($D73&"!$AG$1:$AY$1"),0),0) -> 0 | K73: =VLOOKUP($B73,INDIRECT($D73&"!$AG$1:$AY$66"),MATCH(K$1,INDIRECT($D73&"!$AG$1:$AY$1"),0),0) -> 0 | L73: =VLOOKUP($B73,INDIRECT($D73&"!$AG$1:$AY$66"),MATCH(L$1,INDIRECT($D73&"!$AG$1:$AY$1"),0),0) -> 0 | M73: =VLOOKUP($B73,INDIRECT($D73&"!$AG$1:$AY$66"),MATCH(M$1,INDIRECT($D73&"!$AG$1:$AY$1"),0),0) -> 0 | N73: =VLOOKUP($B73,INDIRECT($D73&"!$AG$1:$AY$66"),MATCH(N$1,INDIRECT($D73&"!$AG$1:$AY$1"),0),0) -> 0 | ... V73: =VLOOKUP($B73,INDIRECT($D73&"!$AG$1:$AY$66"),MATCH(V$1,INDIRECT($D73&"!$AG$1:$AY$1"),0),0) -> 0 | W73: =VLOOKUP($B73,INDIRECT($D73&"!$AG$1:$AY$66"),MATCH(W$2,INDIRECT($D73&"!$AG$1:$AY$1"),0),0) -> 200 | AA73: =VLOOKUP($B73,INDIRECT($D73&"!$AG$1:$AY$66"),MATCH(AA$1,INDIRECT($D73&"!$AG$1:$AY$1"),0),0) -> 全勤 | AB73: =VLOOKUP($B73,INDIRECT($D73&"!$AG$1:$AZ$66"),MATCH(AB$1,INDIRECT($D73&"!$AG$1:$AZ$1"),0),0) -> 0
A74: 72 | B74: 罗俊耀 | C74: 4 | D74: 梅州 | E74: 事业四部/项目七部 | G74: =VLOOKUP($B74,INDIRECT($D74&"!$AG$1:$AY$66"),MATCH(G$1,INDIRECT($D74&"!$AG$1:$AY$1"),0),0) -> 26 | H74: =VLOOKUP($B74,INDIRECT($D74&"!$AG$1:$AY$66"),MATCH(H$1,INDIRECT($D74&"!$AG$1:$AY$1"),0),0) -> 25 | I74: =VLOOKUP($B74,INDIRECT($D74&"!$AG$1:$AY$66"),MATCH(I$1,INDIRECT($D74&"!$AG$1:$AY$1"),0),0) -> 46 | J74: =VLOOKUP($B74,INDIRECT($D74&"!$AG$1:$AY$66"),MATCH(J$1,INDIRECT($D74&"!$AG$1:$AY$1"),0),0) -> 0 | K74: =VLOOKUP($B74,INDIRECT($D74&"!$AG$1:$AY$66"),MATCH(K$1,INDIRECT($D74&"!$AG$1:$AY$1"),0),0) -> 0 | L74: =VLOOKUP($B74,INDIRECT($D74&"!$AG$1:$AY$66"),MATCH(L$1,INDIRECT($D74&"!$AG$1:$AY$1"),0),0) -> 0 | M74: =VLOOKUP($B74,INDIRECT($D74&"!$AG$1:$AY$66"),MATCH(M$1,INDIRECT($D74&"!$AG$1:$AY$1"),0),0) -> 0 | N74: =VLOOKUP($B74,INDIRECT($D74&"!$AG$1:$AY$66"),MATCH(N$1,INDIRECT($D74&"!$AG$1:$AY$1"),0),0) -> 0 | ... V74: =VLOOKUP($B74,INDIRECT($D74&"!$AG$1:$AY$66"),MATCH(V$1,INDIRECT($D74&"!$AG$1:$AY$1"),0),0) -> 50 | W74: =VLOOKUP($B74,INDIRECT($D74&"!$AG$1:$AY$66"),MATCH(W$2,INDIRECT($D74&"!$AG$1:$AY$1"),0),0) -> 0 | AA74: =VLOOKUP($B74,INDIRECT($D74&"!$AG$1:$AY$66"),MATCH(AA$1,INDIRECT($D74&"!$AG$1:$AY$1"),0),0) -> 迟到6次共46分钟，按人力行政制度一个月内迟到累计30-60分钟（包含60），乐捐50元。 | AB74: =VLOOKUP($B74,INDIRECT($D74&"!$AG$1:$AZ$66"),MATCH(AB$1,INDIRECT($D74&"!$AG$1:$AZ$1"),0),0) -> 0
A75: 73 | B75: 罗慧玲 | C75: 4 | D75: 梅州 | E75: 事业三部/项目八部 | G75: =VLOOKUP($B75,INDIRECT($D75&"!$AG$1:$AY$66"),MATCH(G$1,INDIRECT($D75&"!$AG$1:$AY$1"),0),0) -> 26 | H75: =VLOOKUP($B75,INDIRECT($D75&"!$AG$1:$AY$66"),MATCH(H$1,INDIRECT($D75&"!$AG$1:$AY$1"),0),0) -> 25 | I75: =VLOOKUP($B75,INDIRECT($D75&"!$AG$1:$AY$66"),MATCH(I$1,INDIRECT($D75&"!$AG$1:$AY$1"),0),0) -> 0 | J75: =VLOOKUP($B75,INDIRECT($D75&"!$AG$1:$AY$66"),MATCH(J$1,INDIRECT($D75&"!$AG$1:$AY$1"),0),0) -> 0 | K75: =VLOOKUP($B75,INDIRECT($D75&"!$AG$1:$AY$66"),MATCH(K$1,INDIRECT($D75&"!$AG$1:$AY$1"),0),0) -> 0 | L75: =VLOOKUP($B75,INDIRECT($D75&"!$AG$1:$AY$66"),MATCH(L$1,INDIRECT($D75&"!$AG$1:$AY$1"),0),0) -> 0 | M75: =VLOOKUP($B75,INDIRECT($D75&"!$AG$1:$AY$66"),MATCH(M$1,INDIRECT($D75&"!$AG$1:$AY$1"),0),0) -> 0 | N75: =VLOOKUP($B75,INDIRECT($D75&"!$AG$1:$AY$66"),MATCH(N$1,INDIRECT($D75&"!$AG$1:$AY$1"),0),0) -> 0 | ... V75: =VLOOKUP($B75,INDIRECT($D75&"!$AG$1:$AY$66"),MATCH(V$1,INDIRECT($D75&"!$AG$1:$AY$1"),0),0) -> 0 | W75: =VLOOKUP($B75,INDIRECT($D75&"!$AG$1:$AY$66"),MATCH(W$2,INDIRECT($D75&"!$AG$1:$AY$1"),0),0) -> 200 | AA75: =VLOOKUP($B75,INDIRECT($D75&"!$AG$1:$AY$66"),MATCH(AA$1,INDIRECT($D75&"!$AG$1:$AY$1"),0),0) -> 全勤，外出 0.5天(04/22 下午-04/22 下午) | AB75: =VLOOKUP($B75,INDIRECT($D75&"!$AG$1:$AZ$66"),MATCH(AB$1,INDIRECT($D75&"!$AG$1:$AZ$1"),0),0) -> 0
A76: 74 | B76: 黄川玲 | C76: 4 | D76: 广西 | E76: 事业五部/项目九部 | F76: 44109 | G76: =VLOOKUP($B76,INDIRECT($D76&"!$AG$1:$AY$66"),MATCH(G$1,INDIRECT($D76&"!$AG$1:$AY$1"),0),0) -> 24 | H76: =VLOOKUP($B76,INDIRECT($D76&"!$AG$1:$AY$66"),MATCH(H$1,INDIRECT($D76&"!$AG$1:$AY$1"),0),0) -> 23 | I76: =VLOOKUP($B76,INDIRECT($D76&"!$AG$1:$AY$66"),MATCH(I$1,INDIRECT($D76&"!$AG$1:$AY$1"),0),0) -> 0 | J76: =VLOOKUP($B76,INDIRECT($D76&"!$AG$1:$AY$66"),MATCH(J$1,INDIRECT($D76&"!$AG$1:$AY$1"),0),0) -> 0 | K76: =VLOOKUP($B76,INDIRECT($D76&"!$AG$1:$AY$66"),MATCH(K$1,INDIRECT($D76&"!$AG$1:$AY$1"),0),0) -> 0 | L76: =VLOOKUP($B76,INDIRECT($D76&"!$AG$1:$AY$66"),MATCH(L$1,INDIRECT($D76&"!$AG$1:$AY$1"),0),0) -> 0 | M76: =VLOOKUP($B76,INDIRECT($D76&"!$AG$1:$AY$66"),MATCH(M$1,INDIRECT($D76&"!$AG$1:$AY$1"),0),0) -> 0 | N76: =VLOOKUP($B76,INDIRECT($D76&"!$AG$1:$AY$66"),MATCH(N$1,INDIRECT($D76&"!$AG$1:$AY$1"),0),0) -> 0 | ... V76: =VLOOKUP($B76,INDIRECT($D76&"!$AG$1:$AY$66"),MATCH(V$1,INDIRECT($D76&"!$AG$1:$AY$1"),0),0) -> 0 | W76: =VLOOKUP($B76,INDIRECT($D76&"!$AG$1:$AY$66"),MATCH(W$2,INDIRECT($D76&"!$AG$1:$AY$1"),0),0) -> 200 | X76: =IFERROR(_xlfn.XLOOKUP($B76,社保汇总表!E:E,社保汇总表!R:R),0) -> 434.42 | Y76: =VLOOKUP($B76,公积金汇总表!$P:$Q,2,0) -> 110 | AA76: =VLOOKUP($B76,INDIRECT($D76&"!$AG$1:$AY$66"),MATCH(AA$1,INDIRECT($D76&"!$AG$1:$AY$1"),0),0) -> 全勤 | AB76: =VLOOKUP($B76,INDIRECT($D76&"!$AG$1:$AZ$66"),MATCH(AB$1,INDIRECT($D76&"!$AG$1:$AZ$1"),0),0) -> 1.5
A77: 75 | B77: 陆秋兰 | C77: 4 | D77: 广西 | E77: 事业五部/项目九部 | F77: 42167 | G77: =VLOOKUP($B77,INDIRECT($D77&"!$AG$1:$AY$66"),MATCH(G$1,INDIRECT($D77&"!$AG$1:$AY$1"),0),0) -> 24 | H77: =VLOOKUP($B77,INDIRECT($D77&"!$AG$1:$AY$66"),MATCH(H$1,INDIRECT($D77&"!$AG$1:$AY$1"),0),0) -> 21.44 | I77: =VLOOKUP($B77,INDIRECT($D77&"!$AG$1:$AY$66"),MATCH(I$1,INDIRECT($D77&"!$AG$1:$AY$1"),0),0) -> 0 | J77: =VLOOKUP($B77,INDIRECT($D77&"!$AG$1:$AY$66"),MATCH(J$1,INDIRECT($D77&"!$AG$1:$AY$1"),0),0) -> 0 | K77: =VLOOKUP($B77,INDIRECT($D77&"!$AG$1:$AY$66"),MATCH(K$1,INDIRECT($D77&"!$AG$1:$AY$1"),0),0) -> 0 | L77: =VLOOKUP($B77,INDIRECT($D77&"!$AG$1:$AY$66"),MATCH(L$1,INDIRECT($D77&"!$AG$1:$AY$1"),0),0) -> 0 | M77: =VLOOKUP($B77,INDIRECT($D77&"!$AG$1:$AY$66"),MATCH(M$1,INDIRECT($D77&"!$AG$1:$AY$1"),0),0) -> 1.56 | N77: =VLOOKUP($B77,INDIRECT($D77&"!$AG$1:$AY$66"),MATCH(N$1,INDIRECT($D77&"!$AG$1:$AY$1"),0),0) -> 0 | ... V77: =VLOOKUP($B77,INDIRECT($D77&"!$AG$1:$AY$66"),MATCH(V$1,INDIRECT($D77&"!$AG$1:$AY$1"),0),0) -> 0 | W77: =VLOOKUP($B77,INDIRECT($D77&"!$AG$1:$AY$66"),MATCH(W$2,INDIRECT($D77&"!$AG$1:$AY$1"),0),0) -> 200 | X77: =IFERROR(_xlfn.XLOOKUP($B77,社保汇总表!E:E,社保汇总表!R:R),0) -> 434.42 | Y77: =VLOOKUP($B77,公积金汇总表!$P:$Q,2,0) -> 110 | AA77: =VLOOKUP($B77,INDIRECT($D77&"!$AG$1:$AY$66"),MATCH(AA$1,INDIRECT($D77&"!$AG$1:$AY$1"),0),0) -> 全勤，年假 4.5小时(04/18 14:00-04/18 18:30);年假 8小时(04/23 09:00-04/23 18:30) | AB77: =VLOOKUP($B77,INDIRECT($D77&"!$AG$1:$AZ$66"),MATCH(AB$1,INDIRECT($D77&"!$AG$1:$AZ$1"),0),0) -> 0.5
A78: 76 | B78: 黄源慧 | C78: 4 | D78: 广西 | E78: 事业五部/项目九部 | F78: 44587 | G78: =VLOOKUP($B78,INDIRECT($D78&"!$AG$1:$AY$66"),MATCH(G$1,INDIRECT($D78&"!$AG$1:$AY$1"),0),0) -> 24 | H78: =VLOOKUP($B78,INDIRECT($D78&"!$AG$1:$AY$66"),MATCH(H$1,INDIRECT($D78&"!$AG$1:$AY$1"),0),0) -> 22 | I78: =VLOOKUP($B78,INDIRECT($D78&"!$AG$1:$AY$66"),MATCH(I$1,INDIRECT($D78&"!$AG$1:$AY$1"),0),0) -> 0 | J78: =VLOOKUP($B78,INDIRECT($D78&"!$AG$1:$AY$66"),MATCH(J$1,INDIRECT($D78&"!$AG$1:$AY$1"),0),0) -> 0 | K78: =VLOOKUP($B78,INDIRECT($D78&"!$AG$1:$AY$66"),MATCH(K$1,INDIRECT($D78&"!$AG$1:$AY$1"),0),0) -> 0 | L78: =VLOOKUP($B78,INDIRECT($D78&"!$AG$1:$AY$66"),MATCH(L$1,INDIRECT($D78&"!$AG$1:$AY$1"),0),0) -> 0 | M78: =VLOOKUP($B78,INDIRECT($D78&"!$AG$1:$AY$66"),MATCH(M$1,INDIRECT($D78&"!$AG$1:$AY$1"),0),0) -> 1 | N78: =VLOOKUP($B78,INDIRECT($D78&"!$AG$1:$AY$66"),MATCH(N$1,INDIRECT($D78&"!$AG$1:$AY$1"),0),0) -> 0 | ... V78: =VLOOKUP($B78,INDIRECT($D78&"!$AG$1:$AY$66"),MATCH(V$1,INDIRECT($D78&"!$AG$1:$AY$1"),0),0) -> 0 | W78: =VLOOKUP($B78,INDIRECT($D78&"!$AG$1:$AY$66"),MATCH(W$2,INDIRECT($D78&"!$AG$1:$AY$1"),0),0) -> 200 | X78: =IFERROR(_xlfn.XLOOKUP($B78,社保汇总表!E:E,社保汇总表!R:R),0) -> 434.42 | Y78: =VLOOKUP($B78,公积金汇总表!$P:$Q,2,0) -> 110 | AA78: =VLOOKUP($B78,INDIRECT($D78&"!$AG$1:$AY$66"),MATCH(AA$1,INDIRECT($D78&"!$AG$1:$AY$1"),0),0) -> 全勤，年假 8小时(04/18 09:00-04/18 18:30) | AB78: =VLOOKUP($B78,INDIRECT($D78&"!$AG$1:$AZ$66"),MATCH(AB$1,INDIRECT($D78&"!$AG$1:$AZ$1"),0),0) -> 0
A79: 77 | B79: 伍慧珍 | C79: 4 | D79: 广西 | E79: 事业二部/项目五部 | F79: 44562 | G79: =VLOOKUP($B79,INDIRECT($D79&"!$AG$1:$AY$66"),MATCH(G$1,INDIRECT($D79&"!$AG$1:$AY$1"),0),0) -> 24 | H79: =VLOOKUP($B79,INDIRECT($D79&"!$AG$1:$AY$66"),MATCH(H$1,INDIRECT($D79&"!$AG$1:$AY$1"),0),0) -> 11.5 | I79: =VLOOKUP($B79,INDIRECT($D79&"!$AG$1:$AY$66"),MATCH(I$1,INDIRECT($D79&"!$AG$1:$AY$1"),0),0) -> 0 | J79: =VLOOKUP($B79,INDIRECT($D79&"!$AG$1:$AY$66"),MATCH(J$1,INDIRECT($D79&"!$AG$1:$AY$1"),0),0) -> 0 | K79: =VLOOKUP($B79,INDIRECT($D79&"!$AG$1:$AY$66"),MATCH(K$1,INDIRECT($D79&"!$AG$1:$AY$1"),0),0) -> 0 | L79: =VLOOKUP($B79,INDIRECT($D79&"!$AG$1:$AY$66"),MATCH(L$1,INDIRECT($D79&"!$AG$1:$AY$1"),0),0) -> 0 | M79: =VLOOKUP($B79,INDIRECT($D79&"!$AG$1:$AY$66"),MATCH(M$1,INDIRECT($D79&"!$AG$1:$AY$1"),0),0) -> 0 | N79: =VLOOKUP($B79,INDIRECT($D79&"!$AG$1:$AY$66"),MATCH(N$1,INDIRECT($D79&"!$AG$1:$AY$1"),0),0) -> 0 | ... V79: =VLOOKUP($B79,INDIRECT($D79&"!$AG$1:$AY$66"),MATCH(V$1,INDIRECT($D79&"!$AG$1:$AY$1"),0),0) -> 0 | W79: =VLOOKUP($B79,INDIRECT($D79&"!$AG$1:$AY$66"),MATCH(W$2,INDIRECT($D79&"!$AG$1:$AY$1"),0),0) -> 0 | X79: =IFERROR(_xlfn.XLOOKUP($B79,社保汇总表!E:E,社保汇总表!R:R),0) -> 434.42 | Y79: =VLOOKUP($B79,公积金汇总表!$P:$Q,2,0) -> 110 | AA79: =VLOOKUP($B79,INDIRECT($D79&"!$AG$1:$AY$66"),MATCH(AA$1,INDIRECT($D79&"!$AG$1:$AY$1"),0),0) -> 产假 158天(01/26 上午-07/02 下午)，4月份居家办公每日出勤4小时计0.5天出勤 | AB79: =VLOOKUP($B79,INDIRECT($D79&"!$AG$1:$AZ$66"),MATCH(AB$1,INDIRECT($D79&"!$AG$1:$AZ$1"),0),0) -> 0
A80: 78 | B80: 唐佳艺 | C80: 4 | D80: 广西 | E80: 事业五部/项目九部 | F80: 45419 | G80: =VLOOKUP($B80,INDIRECT($D80&"!$AG$1:$AY$66"),MATCH(G$1,INDIRECT($D80&"!$AG$1:$AY$1"),0),0) -> 24 | H80: =VLOOKUP($B80,INDIRECT($D80&"!$AG$1:$AY$66"),MATCH(H$1,INDIRECT($D80&"!$AG$1:$AY$1"),0),0) -> 22 | I80: =VLOOKUP($B80,INDIRECT($D80&"!$AG$1:$AY$66"),MATCH(I$1,INDIRECT($D80&"!$AG$1:$AY$1"),0),0) -> 0 | J80: =VLOOKUP($B80,INDIRECT($D80&"!$AG$1:$AY$66"),MATCH(J$1,INDIRECT($D80&"!$AG$1:$AY$1"),0),0) -> 0 | K80: =VLOOKUP($B80,INDIRECT($D80&"!$AG$1:$AY$66"),MATCH(K$1,INDIRECT($D80&"!$AG$1:$AY$1"),0),0) -> 0 | L80: =VLOOKUP($B80,INDIRECT($D80&"!$AG$1:$AY$66"),MATCH(L$1,INDIRECT($D80&"!$AG$1:$AY$1"),0),0) -> 0 | M80: =VLOOKUP($B80,INDIRECT($D80&"!$AG$1:$AY$66"),MATCH(M$1,INDIRECT($D80&"!$AG$1:$AY$1"),0),0) -> 1 | N80: =VLOOKUP($B80,INDIRECT($D80&"!$AG$1:$AY$66"),MATCH(N$1,INDIRECT($D80&"!$AG$1:$AY$1"),0),0) -> 0 | ... V80: =VLOOKUP($B80,INDIRECT($D80&"!$AG$1:$AY$66"),MATCH(V$1,INDIRECT($D80&"!$AG$1:$AY$1"),0),0) -> 0 | W80: =VLOOKUP($B80,INDIRECT($D80&"!$AG$1:$AY$66"),MATCH(W$2,INDIRECT($D80&"!$AG$1:$AY$1"),0),0) -> 200 | X80: =IFERROR(_xlfn.XLOOKUP($B80,社保汇总表!E:E,社保汇总表!R:R),0) -> 434.42 | Y80: =VLOOKUP($B80,公积金汇总表!$P:$Q,2,0) -> 110 | AA80: =VLOOKUP($B80,INDIRECT($D80&"!$AG$1:$AY$66"),MATCH(AA$1,INDIRECT($D80&"!$AG$1:$AY$1"),0),0) -> 全勤，年假 8小时(04/08 09:00-04/08 18:30) | AB80: =VLOOKUP($B80,INDIRECT($D80&"!$AG$1:$AZ$66"),MATCH(AB$1,INDIRECT($D80&"!$AG$1:$AZ$1"),0),0) -> 0.5
A81: 79 | B81: 金云霞 | C81: 4 | D81: 武汉 | E81: 采购部 | F81: 45024 | G81: =VLOOKUP($B81,INDIRECT($D81&"!$AG$1:$AY$66"),MATCH(G$1,INDIRECT($D81&"!$AG$1:$AY$1"),0),0) -> 24 | H81: =VLOOKUP($B81,INDIRECT($D81&"!$AG$1:$AY$66"),MATCH(H$1,INDIRECT($D81&"!$AG$1:$AY$1"),0),0) -> 22.56 | I81: =VLOOKUP($B81,INDIRECT($D81&"!$AG$1:$AY$66"),MATCH(I$1,INDIRECT($D81&"!$AG$1:$AY$1"),0),0) -> 0 | J81: =VLOOKUP($B81,INDIRECT($D81&"!$AG$1:$AY$66"),MATCH(J$1,INDIRECT($D81&"!$AG$1:$AY$1"),0),0) -> 0 | K81: =VLOOKUP($B81,INDIRECT($D81&"!$AG$1:$AY$66"),MATCH(K$1,INDIRECT($D81&"!$AG$1:$AY$1"),0),0) -> 0 | L81: =VLOOKUP($B81,INDIRECT($D81&"!$AG$1:$AY$66"),MATCH(L$1,INDIRECT($D81&"!$AG$1:$AY$1"),0),0) -> 0 | M81: =VLOOKUP($B81,INDIRECT($D81&"!$AG$1:$AY$66"),MATCH(M$1,INDIRECT($D81&"!$AG$1:$AY$1"),0),0) -> 0.44 | N81: =VLOOKUP($B81,INDIRECT($D81&"!$AG$1:$AY$66"),MATCH(N$1,INDIRECT($D81&"!$AG$1:$AY$1"),0),0) -> 0 | ... V81: =VLOOKUP($B81,INDIRECT($D81&"!$AG$1:$AY$66"),MATCH(V$1,INDIRECT($D81&"!$AG$1:$AY$1"),0),0) -> 0 | W81: =VLOOKUP($B81,INDIRECT($D81&"!$AG$1:$AY$66"),MATCH(W$2,INDIRECT($D81&"!$AG$1:$AY$1"),0),0) -> 200 | X81: =IFERROR(_xlfn.XLOOKUP($B81,社保汇总表!C:C,社保汇总表!F:F),0) -> 470.29 | Y81: =VLOOKUP($B81,公积金汇总表!$P:$Q,2,0) -> 120 | AA81: =VLOOKUP($B81,INDIRECT($D81&"!$AG$1:$AY$66"),MATCH(AA$1,INDIRECT($D81&"!$AG$1:$AY$1"),0),0) -> 全勤，年假 3.5小时(04/27 09:00-04/27 12:30) | AB81: =VLOOKUP($B81,INDIRECT($D81&"!$AG$1:$AZ$66"),MATCH(AB$1,INDIRECT($D81&"!$AG$1:$AZ$1"),0),0) -> 7.5
A82: 80 | B82: 朱青雨 | C82: 4 | D82: 武汉 | E82: 采购部 | F82: 45986 | G82: =VLOOKUP($B82,INDIRECT($D82&"!$AG$1:$AY$66"),MATCH(G$1,INDIRECT($D82&"!$AG$1:$AY$1"),0),0) -> 24 | H82: =VLOOKUP($B82,INDIRECT($D82&"!$AG$1:$AY$66"),MATCH(H$1,INDIRECT($D82&"!$AG$1:$AY$1"),0),0) -> 23 | I82: =VLOOKUP($B82,INDIRECT($D82&"!$AG$1:$AY$66"),MATCH(I$1,INDIRECT($D82&"!$AG$1:$AY$1"),0),0) -> 0 | J82: =VLOOKUP($B82,INDIRECT($D82&"!$AG$1:$AY$66"),MATCH(J$1,INDIRECT($D82&"!$AG$1:$AY$1"),0),0) -> 0 | K82: =VLOOKUP($B82,INDIRECT($D82&"!$AG$1:$AY$66"),MATCH(K$1,INDIRECT($D82&"!$AG$1:$AY$1"),0),0) -> 0 | L82: =VLOOKUP($B82,INDIRECT($D82&"!$AG$1:$AY$66"),MATCH(L$1,INDIRECT($D82&"!$AG$1:$AY$1"),0),0) -> 0 | M82: =VLOOKUP($B82,INDIRECT($D82&"!$AG$1:$AY$66"),MATCH(M$1,INDIRECT($D82&"!$AG$1:$AY$1"),0),0) -> 0 | N82: =VLOOKUP($B82,INDIRECT($D82&"!$AG$1:$AY$66"),MATCH(N$1,INDIRECT($D82&"!$AG$1:$AY$1"),0),0) -> 0 | ... V82: =VLOOKUP($B82,INDIRECT($D82&"!$AG$1:$AY$66"),MATCH(V$1,INDIRECT($D82&"!$AG$1:$AY$1"),0),0) -> 0 | W82: =VLOOKUP($B82,INDIRECT($D82&"!$AG$1:$AY$66"),MATCH(W$2,INDIRECT($D82&"!$AG$1:$AY$1"),0),0) -> 200 | X82: =IFERROR(_xlfn.XLOOKUP($B82,社保汇总表!C:C,社保汇总表!F:F),0) -> 470.29 | Y82: =VLOOKUP($B82,公积金汇总表!$P:$Q,2,0) -> 120 | AA82: =VLOOKUP($B82,INDIRECT($D82&"!$AG$1:$AY$66"),MATCH(AA$1,INDIRECT($D82&"!$AG$1:$AY$1"),0),0) -> 全勤 | AB82: =VLOOKUP($B82,INDIRECT($D82&"!$AG$1:$AZ$66"),MATCH(AB$1,INDIRECT($D82&"!$AG$1:$AZ$1"),0),0) -> 0
A83: 81 | B83: 李佩 | C83: 4 | D83: 武汉 | E83: 人力资源行政部 | F83: 43631 | G83: =VLOOKUP($B83,INDIRECT($D83&"!$AG$1:$AY$66"),MATCH(G$1,INDIRECT($D83&"!$AG$1:$AY$1"),0),0) -> 24 | H83: =VLOOKUP($B83,INDIRECT($D83&"!$AG$1:$AY$66"),MATCH(H$1,INDIRECT($D83&"!$AG$1:$AY$1"),0),0) -> 22.56 | I83: =VLOOKUP($B83,INDIRECT($D83&"!$AG$1:$AY$66"),MATCH(I$1,INDIRECT($D83&"!$AG$1:$AY$1"),0),0) -> 0 | J83: =VLOOKUP($B83,INDIRECT($D83&"!$AG$1:$AY$66"),MATCH(J$1,INDIRECT($D83&"!$AG$1:$AY$1"),0),0) -> 0 | K83: =VLOOKUP($B83,INDIRECT($D83&"!$AG$1:$AY$66"),MATCH(K$1,INDIRECT($D83&"!$AG$1:$AY$1"),0),0) -> 0 | L83: =VLOOKUP($B83,INDIRECT($D83&"!$AG$1:$AY$66"),MATCH(L$1,INDIRECT($D83&"!$AG$1:$AY$1"),0),0) -> 0 | M83: =VLOOKUP($B83,INDIRECT($D83&"!$AG$1:$AY$66"),MATCH(M$1,INDIRECT($D83&"!$AG$1:$AY$1"),0),0) -> 0.44 | N83: =VLOOKUP($B83,INDIRECT($D83&"!$AG$1:$AY$66"),MATCH(N$1,INDIRECT($D83&"!$AG$1:$AY$1"),0),0) -> 0 | ... V83: =VLOOKUP($B83,INDIRECT($D83&"!$AG$1:$AY$66"),MATCH(V$1,INDIRECT($D83&"!$AG$1:$AY$1"),0),0) -> 0 | W83: =VLOOKUP($B83,INDIRECT($D83&"!$AG$1:$AY$66"),MATCH(W$2,INDIRECT($D83&"!$AG$1:$AY$1"),0),0) -> 200 | X83: =IFERROR(_xlfn.XLOOKUP($B83,社保汇总表!C:C,社保汇总表!F:F),0) -> 470.29 | Y83: =VLOOKUP($B83,公积金汇总表!$P:$Q,2,0) -> 120 | AA83: =VLOOKUP($B83,INDIRECT($D83&"!$AG$1:$AY$66"),MATCH(AA$1,INDIRECT($D83&"!$AG$1:$AY$1"),0),0) -> 全勤，年假 3.5小时(04/18 15:00-04/18 18:30) | AB83: =VLOOKUP($B83,INDIRECT($D83&"!$AG$1:$AZ$66"),MATCH(AB$1,INDIRECT($D83&"!$AG$1:$AZ$1"),0),0) -> 4
A84: 82 | B84: 马玉 | C84: 4 | D84: 武汉 | E84: 设计部 | F84: 45573 | G84: =VLOOKUP($B84,INDIRECT($D84&"!$AG$1:$AY$66"),MATCH(G$1,INDIRECT($D84&"!$AG$1:$AY$1"),0),0) -> 24 | H84: =VLOOKUP($B84,INDIRECT($D84&"!$AG$1:$AY$66"),MATCH(H$1,INDIRECT($D84&"!$AG$1:$AY$1"),0),0) -> 21 | I84: =VLOOKUP($B84,INDIRECT($D84&"!$AG$1:$AY$66"),MATCH(I$1,INDIRECT($D84&"!$AG$1:$AY$1"),0),0) -> 0 | J84: =VLOOKUP($B84,INDIRECT($D84&"!$AG$1:$AY$66"),MATCH(J$1,INDIRECT($D84&"!$AG$1:$AY$1"),0),0) -> 4 | K84: =VLOOKUP($B84,INDIRECT($D84&"!$AG$1:$AY$66"),MATCH(K$1,INDIRECT($D84&"!$AG$1:$AY$1"),0),0) -> 0 | L84: =VLOOKUP($B84,INDIRECT($D84&"!$AG$1:$AY$66"),MATCH(L$1,INDIRECT($D84&"!$AG$1:$AY$1"),0),0) -> 1 | M84: =VLOOKUP($B84,INDIRECT($D84&"!$AG$1:$AY$66"),MATCH(M$1,INDIRECT($D84&"!$AG$1:$AY$1"),0),0) -> 1 | N84: =VLOOKUP($B84,INDIRECT($D84&"!$AG$1:$AY$66"),MATCH(N$1,INDIRECT($D84&"!$AG$1:$AY$1"),0),0) -> 0 | ... V84: =VLOOKUP($B84,INDIRECT($D84&"!$AG$1:$AY$66"),MATCH(V$1,INDIRECT($D84&"!$AG$1:$AY$1"),0),0) -> 50 | W84: =VLOOKUP($B84,INDIRECT($D84&"!$AG$1:$AY$66"),MATCH(W$2,INDIRECT($D84&"!$AG$1:$AY$1"),0),0) -> 0 | X84: =IFERROR(_xlfn.XLOOKUP($B84,社保汇总表!C:C,社保汇总表!F:F),0) -> 470.29 | Y84: =VLOOKUP($B84,公积金汇总表!$P:$Q,2,0) -> 120 | AA84: =VLOOKUP($B84,INDIRECT($D84&"!$AG$1:$AY$66"),MATCH(AA$1,INDIRECT($D84&"!$AG$1:$AY$1"),0),0) -> 年假 8小时(04/02 09:00-04/02 18:30);事假 8小时(04/18 09:00-04/18 18:30)，缺卡累计4次，按人力行政制度月缺卡超3次需乐捐50元 | AB84: =VLOOKUP($B84,INDIRECT($D84&"!$AG$1:$AZ$66"),MATCH(AB$1,INDIRECT($D84&"!$AG$1:$AZ$1"),0),0) -> 0
A85: 83 | B85: 王小庆 | C85: 4 | D85: 武汉 | E85: 设计部 | F85: 45444 | G85: =VLOOKUP($B85,INDIRECT($D85&"!$AG$1:$AY$66"),MATCH(G$1,INDIRECT($D85&"!$AG$1:$AY$1"),0),0) -> 24 | H85: =VLOOKUP($B85,INDIRECT($D85&"!$AG$1:$AY$66"),MATCH(H$1,INDIRECT($D85&"!$AG$1:$AY$1"),0),0) -> 22.44 | I85: =VLOOKUP($B85,INDIRECT($D85&"!$AG$1:$AY$66"),MATCH(I$1,INDIRECT($D85&"!$AG$1:$AY$1"),0),0) -> 0 | J85: =VLOOKUP($B85,INDIRECT($D85&"!$AG$1:$AY$66"),MATCH(J$1,INDIRECT($D85&"!$AG$1:$AY$1"),0),0) -> 0 | K85: =VLOOKUP($B85,INDIRECT($D85&"!$AG$1:$AY$66"),MATCH(K$1,INDIRECT($D85&"!$AG$1:$AY$1"),0),0) -> 0 | L85: =VLOOKUP($B85,INDIRECT($D85&"!$AG$1:$AY$66"),MATCH(L$1,INDIRECT($D85&"!$AG$1:$AY$1"),0),0) -> 0 | M85: =VLOOKUP($B85,INDIRECT($D85&"!$AG$1:$AY$66"),MATCH(M$1,INDIRECT($D85&"!$AG$1:$AY$1"),0),0) -> 0.56 | N85: =VLOOKUP($B85,INDIRECT($D85&"!$AG$1:$AY$66"),MATCH(N$1,INDIRECT($D85&"!$AG$1:$AY$1"),0),0) -> 0 | ... V85: =VLOOKUP($B85,INDIRECT($D85&"!$AG$1:$AY$66"),MATCH(V$1,INDIRECT($D85&"!$AG$1:$AY$1"),0),0) -> 0 | W85: =VLOOKUP($B85,INDIRECT($D85&"!$AG$1:$AY$66"),MATCH(W$2,INDIRECT($D85&"!$AG$1:$AY$1"),0),0) -> 200 | X85: =IFERROR(_xlfn.XLOOKUP($B85,社保汇总表!C:C,社保汇总表!F:F),0) -> 470.29 | Y85: =VLOOKUP($B85,公积金汇总表!$P:$Q,2,0) -> 120 | AA85: =VLOOKUP($B85,INDIRECT($D85&"!$AG$1:$AY$66"),MATCH(AA$1,INDIRECT($D85&"!$AG$1:$AY$1"),0),0) -> 全勤，年假 4.5小时(04/27 14:00-04/27 18:30) | AB85: =VLOOKUP($B85,INDIRECT($D85&"!$AG$1:$AZ$66"),MATCH(AB$1,INDIRECT($D85&"!$AG$1:$AZ$1"),0),0) -> 21.5
A86: 84 | B86: 胡家凤 | C86: 4 | D86: 武汉 | E86: 事业一部/项目四部 | F86: 43521 | G86: =VLOOKUP($B86,INDIRECT($D86&"!$AG$1:$AY$66"),MATCH(G$1,INDIRECT($D86&"!$AG$1:$AY$1"),0),0) -> 24 | H86: =VLOOKUP($B86,INDIRECT($D86&"!$AG$1:$AY$66"),MATCH(H$1,INDIRECT($D86&"!$AG$1:$AY$1"),0),0) -> 21.56 | I86: =VLOOKUP($B86,INDIRECT($D86&"!$AG$1:$AY$66"),MATCH(I$1,INDIRECT($D86&"!$AG$1:$AY$1"),0),0) -> 0 | J86: =VLOOKUP($B86,INDIRECT($D86&"!$AG$1:$AY$66"),MATCH(J$1,INDIRECT($D86&"!$AG$1:$AY$1"),0),0) -> 0 | K86: =VLOOKUP($B86,INDIRECT($D86&"!$AG$1:$AY$66"),MATCH(K$1,INDIRECT($D86&"!$AG$1:$AY$1"),0),0) -> 0 | L86: =VLOOKUP($B86,INDIRECT($D86&"!$AG$1:$AY$66"),MATCH(L$1,INDIRECT($D86&"!$AG$1:$AY$1"),0),0) -> 1 | M86: =VLOOKUP($B86,INDIRECT($D86&"!$AG$1:$AY$66"),MATCH(M$1,INDIRECT($D86&"!$AG$1:$AY$1"),0),0) -> 0.44 | N86: =VLOOKUP($B86,INDIRECT($D86&"!$AG$1:$AY$66"),MATCH(N$1,INDIRECT($D86&"!$AG$1:$AY$1"),0),0) -> 0 | ... V86: =VLOOKUP($B86,INDIRECT($D86&"!$AG$1:$AY$66"),MATCH(V$1,INDIRECT($D86&"!$AG$1:$AY$1"),0),0) -> 0 | W86: =VLOOKUP($B86,INDIRECT($D86&"!$AG$1:$AY$66"),MATCH(W$2,INDIRECT($D86&"!$AG$1:$AY$1"),0),0) -> 0 | X86: =IFERROR(_xlfn.XLOOKUP($B86,社保汇总表!C:C,社保汇总表!F:F),0) -> 470.29 | Y86: =VLOOKUP($B86,公积金汇总表!$P:$Q,2,0) -> 125 | AA86: =VLOOKUP($B86,INDIRECT($D86&"!$AG$1:$AY$66"),MATCH(AA$1,INDIRECT($D86&"!$AG$1:$AY$1"),0),0) -> 年假 3.5小时(04/17 09:00-04/17 12:30);事假 8小时(04/30 09:00-04/30 18:30) | AB86: =VLOOKUP($B86,INDIRECT($D86&"!$AG$1:$AZ$66"),MATCH(AB$1,INDIRECT($D86&"!$AG$1:$AZ$1"),0),0) -> 1
A87: 85 | B87: 孔周玲 | C87: 4 | D87: 武汉 | E87: 事业一部/项目四部 | F87: 44754 | G87: =VLOOKUP($B87,INDIRECT($D87&"!$AG$1:$AY$66"),MATCH(G$1,INDIRECT($D87&"!$AG$1:$AY$1"),0),0) -> 24 | H87: =VLOOKUP($B87,INDIRECT($D87&"!$AG$1:$AY$66"),MATCH(H$1,INDIRECT($D87&"!$AG$1:$AY$1"),0),0) -> 23 | I87: =VLOOKUP($B87,INDIRECT($D87&"!$AG$1:$AY$66"),MATCH(I$1,INDIRECT($D87&"!$AG$1:$AY$1"),0),0) -> 0 | J87: =VLOOKUP($B87,INDIRECT($D87&"!$AG$1:$AY$66"),MATCH(J$1,INDIRECT($D87&"!$AG$1:$AY$1"),0),0) -> 0 | K87: =VLOOKUP($B87,INDIRECT($D87&"!$AG$1:$AY$66"),MATCH(K$1,INDIRECT($D87&"!$AG$1:$AY$1"),0),0) -> 0 | L87: =VLOOKUP($B87,INDIRECT($D87&"!$AG$1:$AY$66"),MATCH(L$1,INDIRECT($D87&"!$AG$1:$AY$1"),0),0) -> 0 | M87: =VLOOKUP($B87,INDIRECT($D87&"!$AG$1:$AY$66"),MATCH(M$1,INDIRECT($D87&"!$AG$1:$AY$1"),0),0) -> 0 | N87: =VLOOKUP($B87,INDIRECT($D87&"!$AG$1:$AY$66"),MATCH(N$1,INDIRECT($D87&"!$AG$1:$AY$1"),0),0) -> 0 | ... V87: =VLOOKUP($B87,INDIRECT($D87&"!$AG$1:$AY$66"),MATCH(V$1,INDIRECT($D87&"!$AG$1:$AY$1"),0),0) -> 0 | W87: =VLOOKUP($B87,INDIRECT($D87&"!$AG$1:$AY$66"),MATCH(W$2,INDIRECT($D87&"!$AG$1:$AY$1"),0),0) -> 200 | X87: =IFERROR(_xlfn.XLOOKUP($B87,社保汇总表!C:C,社保汇总表!F:F),0) -> 470.29 | Y87: =VLOOKUP($B87,公积金汇总表!$P:$Q,2,0) -> 120 | AA87: =VLOOKUP($B87,INDIRECT($D87&"!$AG$1:$AY$66"),MATCH(AA$1,INDIRECT($D87&"!$AG$1:$AY$1"),0),0) -> 全勤 | AB87: =VLOOKUP($B87,INDIRECT($D87&"!$AG$1:$AZ$66"),MATCH(AB$1,INDIRECT($D87&"!$AG$1:$AZ$1"),0),0) -> 0.5
A88: 86 | B88: 刘爱琳 | C88: 4 | D88: 武汉 | E88: 事业一部/项目四部 | F88: 44358 | G88: =VLOOKUP($B88,INDIRECT($D88&"!$AG$1:$AY$66"),MATCH(G$1,INDIRECT($D88&"!$AG$1:$AY$1"),0),0) -> 24 | H88: =VLOOKUP($B88,INDIRECT($D88&"!$AG$1:$AY$66"),MATCH(H$1,INDIRECT($D88&"!$AG$1:$AY$1"),0),0) -> 22.44 | I88: =VLOOKUP($B88,INDIRECT($D88&"!$AG$1:$AY$66"),MATCH(I$1,INDIRECT($D88&"!$AG$1:$AY$1"),0),0) -> 8 | J88: =VLOOKUP($B88,INDIRECT($D88&"!$AG$1:$AY$66"),MATCH(J$1,INDIRECT($D88&"!$AG$1:$AY$1"),0),0) -> 0 | K88: =VLOOKUP($B88,INDIRECT($D88&"!$AG$1:$AY$66"),MATCH(K$1,INDIRECT($D88&"!$AG$1:$AY$1"),0),0) -> 0 | L88: =VLOOKUP($B88,INDIRECT($D88&"!$AG$1:$AY$66"),MATCH(L$1,INDIRECT($D88&"!$AG$1:$AY$1"),0),0) -> 0.56 | M88: =VLOOKUP($B88,INDIRECT($D88&"!$AG$1:$AY$66"),MATCH(M$1,INDIRECT($D88&"!$AG$1:$AY$1"),0),0) -> 0 | N88: =VLOOKUP($B88,INDIRECT($D88&"!$AG$1:$AY$66"),MATCH(N$1,INDIRECT($D88&"!$AG$1:$AY$1"),0),0) -> 0 | ... V88: =VLOOKUP($B88,INDIRECT($D88&"!$AG$1:$AY$66"),MATCH(V$1,INDIRECT($D88&"!$AG$1:$AY$1"),0),0) -> 0 | W88: =VLOOKUP($B88,INDIRECT($D88&"!$AG$1:$AY$66"),MATCH(W$2,INDIRECT($D88&"!$AG$1:$AY$1"),0),0) -> 0 | X88: =IFERROR(_xlfn.XLOOKUP($B88,社保汇总表!C:C,社保汇总表!F:F),0) -> 470.29 | Y88: =VLOOKUP($B88,公积金汇总表!$P:$Q,2,0) -> 120 | AA88: =VLOOKUP($B88,INDIRECT($D88&"!$AG$1:$AY$66"),MATCH(AA$1,INDIRECT($D88&"!$AG$1:$AY$1"),0),0) -> 事假 4.5小时(04/30 14:00-04/30 18:30)；迟到2次共8分钟 | AB88: =VLOOKUP($B88,INDIRECT($D88&"!$AG$1:$AZ$66"),MATCH(AB$1,INDIRECT($D88&"!$AG$1:$AZ$1"),0),0) -> 0.5
A89: 87 | B89: 吴小凤 | C89: 4 | D89: 武汉 | E89: 事业一部/项目四部 | F89: 44365 | G89: =VLOOKUP($B89,INDIRECT($D89&"!$AG$1:$AY$66"),MATCH(G$1,INDIRECT($D89&"!$AG$1:$AY$1"),0),0) -> 24 | H89: =VLOOKUP($B89,INDIRECT($D89&"!$AG$1:$AY$66"),MATCH(H$1,INDIRECT($D89&"!$AG$1:$AY$1"),0),0) -> 22 | I89: =VLOOKUP($B89,INDIRECT($D89&"!$AG$1:$AY$66"),MATCH(I$1,INDIRECT($D89&"!$AG$1:$AY$1"),0),0) -> 0 | J89: =VLOOKUP($B89,INDIRECT($D89&"!$AG$1:$AY$66"),MATCH(J$1,INDIRECT($D89&"!$AG$1:$AY$1"),0),0) -> 0 | K89: =VLOOKUP($B89,INDIRECT($D89&"!$AG$1:$AY$66"),MATCH(K$1,INDIRECT($D89&"!$AG$1:$AY$1"),0),0) -> 0 | L89: =VLOOKUP($B89,INDIRECT($D89&"!$AG$1:$AY$66"),MATCH(L$1,INDIRECT($D89&"!$AG$1:$AY$1"),0),0) -> 0 | M89: =VLOOKUP($B89,INDIRECT($D89&"!$AG$1:$AY$66"),MATCH(M$1,INDIRECT($D89&"!$AG$1:$AY$1"),0),0) -> 1 | N89: =VLOOKUP($B89,INDIRECT($D89&"!$AG$1:$AY$66"),MATCH(N$1,INDIRECT($D89&"!$AG$1:$AY$1"),0),0) -> 0 | ... V89: =VLOOKUP($B89,INDIRECT($D89&"!$AG$1:$AY$66"),MATCH(V$1,INDIRECT($D89&"!$AG$1:$AY$1"),0),0) -> 0 | W89: =VLOOKUP($B89,INDIRECT($D89&"!$AG$1:$AY$66"),MATCH(W$2,INDIRECT($D89&"!$AG$1:$AY$1"),0),0) -> 200 | X89: =IFERROR(_xlfn.XLOOKUP($B89,社保汇总表!C:C,社保汇总表!F:F),0) -> 470.29 | Y89: =VLOOKUP($B89,公积金汇总表!$P:$Q,2,0) -> 120 | AA89: =VLOOKUP($B89,INDIRECT($D89&"!$AG$1:$AY$66"),MATCH(AA$1,INDIRECT($D89&"!$AG$1:$AY$1"),0),0) -> 全勤，年假 8小时(04/27 09:00-04/27 18:30) | AB89: =VLOOKUP($B89,INDIRECT($D89&"!$AG$1:$AZ$66"),MATCH(AB$1,INDIRECT($D89&"!$AG$1:$AZ$1"),0),0) -> 2.5
